,News Org,Text,Date,Compound,Positive,Neutral,Negative,Tweets Ago
0,BBC,"This Ancient Egyptian pharaoh invested more in images of himself than any other ruler, and for him, size really did‚Ä¶ https://t.co/IUlHKvTATa",Thu Mar 08 21:28:00 +0000 2018,0.0,0.0,1.0,0.0,1
1,BBC,"""No matter where in the world, when civilisations first made art, they made it about us.""

@wmarybeard presents ton‚Ä¶ https://t.co/1vJVwidLTH",Thu Mar 08 21:00:04 +0000 2018,-0.2732,0.052,0.845,0.103,2
2,BBC,"Jack Jarvis and Victor McDade are back for another hilarious six-part series. 

#StillGame | 9:30pm | @BBCOne |‚Ä¶ https://t.co/zFtd4VQyKL",Thu Mar 08 20:33:04 +0000 2018,0.4019,0.144,0.856,0.0,3
3,BBC,"Lucy and Lee are back! üôåüéâ

#NotGoingOut | 9pm | @BBCOne | https://t.co/dUnnFaIoci https://t.co/gSpTMCPrSC",Thu Mar 08 20:03:04 +0000 2018,0.0,0.0,1.0,0.0,4
4,BBC,"What advice would YOU give your younger self? ü§î

#InternationalWomensDay #IWD2018 https://t.co/vIwPLtzTbO",Thu Mar 08 18:00:06 +0000 2018,0.0,0.0,1.0,0.0,5
5,BBC,"In recognition of International Women‚Äôs Day, a playlist in celebration of the funniest, saddest and most significan‚Ä¶ https://t.co/4WCrxvJxFY",Thu Mar 08 17:30:11 +0000 2018,-0.1027,0.159,0.664,0.177,6
6,BBC,"üî¨ More than half of the UK can't name a famous woman in science. 

Time to change that. 
üëâ https://t.co/3HVhvFaxaT‚Ä¶ https://t.co/KL0D1vIw8S",Thu Mar 08 17:00:09 +0000 2018,0.0,0.0,1.0,0.0,7
7,BBC,"‚úçÔ∏èüôå Lotte Reiniger is the unsung heroine of early animation. 

#InternationalWomensDay #IWD2018 https://t.co/Z4qDFWXcCS",Thu Mar 08 16:30:05 +0000 2018,0.5719,0.236,0.764,0.0,8
8,BBC,"RT @BBCMOTD: Favourite emoji?
Champions League or World Cup?

@TekkerzKid quizzes @ManUtd striker @MarcusRashford for #BBCOwnIt.

üì∫ Check o‚Ä¶",Thu Mar 08 16:05:42 +0000 2018,0.5803,0.181,0.819,0.0,9
9,BBC,"‚öΩÔ∏èü•Ö The story of the fall and rise of women's football, told through 10 objects collected by the National‚Ä¶ https://t.co/xOi8wNW64N",Thu Mar 08 15:30:09 +0000 2018,0.0,0.0,1.0,0.0,10
10,BBC,"RT @bbcmusic: üôå @Camila_Cabello just dropped the video for 'Never Be The Same' üíï
What do you think?

Watch üëâ https://t.co/gv60m6x9Wk https:‚Ä¶",Thu Mar 08 15:09:13 +0000 2018,0.0,0.0,1.0,0.0,11
11,BBC,"Nine-year-old Lola thinks more girls should take up skateboarding.

Lola is rad. ü§òüòù

#InternationalWomensDay‚Ä¶ https://t.co/EeOygOVfoh",Thu Mar 08 15:00:05 +0000 2018,0.0,0.0,1.0,0.0,12
12,BBC,"üé®üñº #AnnieSwynnerton: The woman who forced open the male art world and blazed a trail for female artists.
üëâ‚Ä¶ https://t.co/rHDoqWL4iI",Thu Mar 08 14:30:02 +0000 2018,-0.4588,0.0,0.857,0.143,13
13,BBC,"üéìüéí These women are pushing young girls into school, not marriage. 

#InternationalWomensDay #IWD2018 https://t.co/TIf5lbu3GZ",Thu Mar 08 13:30:05 +0000 2018,0.0,0.0,1.0,0.0,14
14,BBC,"RT @bbcworldservice: In Senegal, graffiti artist Zeinixx is campaigning for women's rights... with spray paint. üá∏üá≥ https://t.co/cy2ddCmEKo",Thu Mar 08 13:09:22 +0000 2018,0.0,0.0,1.0,0.0,15
15,BBC,"RT @bbc5live: ‚ÄúThat was the end of my childhood‚Äù

Money saving expert @MartinSLewis opens up to @tonylivesey about the death of his mum, th‚Ä¶",Thu Mar 08 13:02:03 +0000 2018,-0.5994,0.0,0.855,0.145,16
16,BBC,üé§ üéßGrime through time: A brief history of one of the biggest music genres to come out of the UK https://t.co/876CsOCFsa,Thu Mar 08 13:00:08 +0000 2018,0.0,0.0,1.0,0.0,17
17,BBC,"RT @BBCRadio4: Ten female authors who changed sci-fi: https://t.co/r5s1mqYrQD
#IWD2018 https://t.co/cQxHsT9c3E",Thu Mar 08 12:34:42 +0000 2018,0.0,0.0,1.0,0.0,18
18,BBC,"Thousands of women in the UK can't afford to buy tampons and towels. 

#InternationalWomensDay #IWD2018 https://t.co/66P7IrZ9lB",Thu Mar 08 12:30:04 +0000 2018,0.0,0.0,1.0,0.0,19
19,BBC,"üë∑üë∑‚Äç‚ôÄÔ∏è Building future engineers - it's a lot easier than you think! 

#BitzAndBob | @CbeebiesHQ https://t.co/YV3kTIj0Dx",Thu Mar 08 12:00:02 +0000 2018,0.4753,0.205,0.795,0.0,20
20,BBC,"RT @BBCR1: üíõüíõüíõ 

Who's ready for @thegreatkhalid in the Live Lounge?

Make sure you're listening to @claraamfo at 12pm üëâ https://t.co/48Ruy‚Ä¶",Thu Mar 08 11:46:51 +0000 2018,0.5859,0.211,0.789,0.0,21
21,BBC,"Life advice from one of our all-time favourite women, @DawnFrenchUK.  

#InternationalWomensDay #IWD2018 https://t.co/MAOUgpWb7J",Thu Mar 08 11:00:05 +0000 2018,0.0,0.0,1.0,0.0,22
22,BBC,RT @bbcthree: Happy International Women‚Äôs Day! Here's @StaceyDooley with some top tips for aspiring broadcasters #IWD2018 https://t.co/Rbq7‚Ä¶,Thu Mar 08 10:54:28 +0000 2018,0.6996,0.279,0.721,0.0,23
23,BBC,RT @bbcarts: Clay artist @_PhoebeCummings launches her new incredible new work on #InternationalWomensDay. Audiences can watch as the sculp‚Ä¶,Thu Mar 08 10:32:59 +0000 2018,0.0,0.0,1.0,0.0,24
24,BBC,"RT @BBCRadio4: Who are the women that inspire you the most?
From Dawn_French to @Leomie_Anderson, @ScarlettMoffatt to @saoirse_ronan, women‚Ä¶",Thu Mar 08 09:57:10 +0000 2018,0.5719,0.171,0.829,0.0,25
25,BBC,üëî The story behind Oscar winner James Ivory‚Äôs Timothee Chalamet shirt: https://t.co/CY4AJusVEg https://t.co/ANiWIYVSsu,Thu Mar 08 09:30:12 +0000 2018,0.5859,0.257,0.743,0.0,26
26,BBC,"üîß Who built the world? Girls! 

#InternationalWomensDay #IWD2018 https://t.co/6QY6CDcp1h",Thu Mar 08 09:04:01 +0000 2018,0.0,0.0,1.0,0.0,27
27,BBC,üéß @BBCR1's @ClaraAmfo gives aspiring DJs advice and tells us about who inspires her this #InternationalWomensDay.‚Ä¶ https://t.co/FvBtbQ9cs1,Thu Mar 08 08:30:00 +0000 2018,0.4404,0.162,0.838,0.0,28
28,BBC,"üí™ A brief history of #feminism. 

#InternationalWomensDay #IWD2018 https://t.co/EGm8W4OKJ2",Thu Mar 08 08:00:05 +0000 2018,0.0,0.0,1.0,0.0,29
29,BBC,"For more than a century people around the world have been marking #InternationalWomensDay. Here's why.
üëâ‚Ä¶ https://t.co/rkKYo23Qfo",Thu Mar 08 07:30:06 +0000 2018,0.0,0.0,1.0,0.0,30
30,BBC,"'Harry was looking at his family for the first time in his life'. 

üíõ‚ö°Ô∏è‚ú® David Thewlis reading #HarryPotter is trul‚Ä¶ https://t.co/wAyCDFvrX2",Wed Mar 07 19:12:02 +0000 2018,0.0,0.0,1.0,0.0,31
31,BBC,"‚úÇÔ∏è ‚ÄòMy hair is a symbol of pride.‚Äô

üíáüèΩüíáüèøüíáüèæ Six stories about black women's hair.
üëâ https://t.co/NfNvGpKpVi https://t.co/V1qrRJzwfu",Wed Mar 07 18:23:04 +0000 2018,0.0,0.0,1.0,0.0,32
32,BBC,The little mouse that inspired Pikachu is actually a rabbit! https://t.co/AxOQOaK4dS,Wed Mar 07 17:42:01 +0000 2018,0.4987,0.264,0.736,0.0,33
33,BBC,"RT @BBCTwo: If you haven't seen #ACSVersace yet, Pen√©lope Cruz as Donatella Versace is everything... https://t.co/lH9kfRGqO2",Wed Mar 07 17:27:29 +0000 2018,0.0,0.0,1.0,0.0,34
34,BBC,"RT @BBCBreakfast: In many ways Hedy Lamarr was the archetypal Hollywood starlet, but the Austrian born actress was also an inventor and the‚Ä¶",Wed Mar 07 17:22:51 +0000 2018,0.0,0.0,1.0,0.0,35
35,BBC,RT @BBCScotlandNews: A Scottish school has won a prestigious award for its pioneering work helping children with their reading and writing‚Ä¶,Wed Mar 07 17:22:23 +0000 2018,0.8555,0.37,0.63,0.0,36
36,BBC,RT @bbceurovision: A storm is coming.@surieofficial  ‚õà üëâ https://t.co/LYIiBgcZdA https://t.co/heOKLnjo2N,Wed Mar 07 17:16:45 +0000 2018,0.0,0.0,1.0,0.0,37
37,BBC,RT @BBCTwo: Nostalgia heaven! How many of these 80s &amp; 90s things can you remember? ü§î #BackInTimeForTea https://t.co/l0R6nHrTj1,Wed Mar 07 17:14:49 +0000 2018,0.5562,0.183,0.817,0.0,38
38,BBC,"üìñ Time to 'embiggen' your vocabulary.

A new word, first heard on @TheSimpsons in 1996, has been added to the‚Ä¶ https://t.co/qGvkGgjAcB",Wed Mar 07 17:13:49 +0000 2018,0.0,0.0,1.0,0.0,39
39,BBC,RT @bbccomedy: WOOF! ‚ù§Ô∏è#RikMayallDay https://t.co/ioJtvYVFRO,Wed Mar 07 16:15:06 +0000 2018,0.0,0.0,1.0,0.0,40
40,BBC,üò± The most hardcore baptism you‚Äôll ever see. https://t.co/aEsVqMUPQ2,Wed Mar 07 14:30:03 +0000 2018,0.0,0.0,1.0,0.0,41
41,BBC,"#InternationalWomensDay is tomorrow, so there's no better time to test how much you know about female suffrage.
üëâ‚Ä¶ https://t.co/6ulqfr8zyL",Wed Mar 07 13:24:05 +0000 2018,0.1742,0.14,0.751,0.109,42
42,BBC,üöÇüíÄ All aboard London's Victorian railway for the dead. https://t.co/L7vJO4ybeD,Wed Mar 07 12:30:04 +0000 2018,-0.6369,0.082,0.597,0.321,43
43,BBC,"üòç The first polar bear cub to be born in the UK for 25 years has emerged at the @RZSS's @HighlandWPark!
üëâ‚Ä¶ https://t.co/4fhzBaxwjF",Wed Mar 07 11:42:44 +0000 2018,0.0,0.0,1.0,0.0,44
44,BBC,"RT @bbccomedy: Today would have been the 60th birthday of the legend, the genius, the king Rik Mayall. We miss you, sir! #RikMayallDay http‚Ä¶",Wed Mar 07 11:07:18 +0000 2018,-0.2244,0.0,0.924,0.076,45
45,BBC,The wreck of a US aircraft carrier that was sunk during WW2 has been found off the coast of Australia. https://t.co/8NQfRdFXTE,Wed Mar 07 10:46:56 +0000 2018,-0.4404,0.0,0.868,0.132,46
46,BBC,RT @BBCFOUR: There's a very good reason this extreme firework was banned... https://t.co/pdfpcDiJ4h,Wed Mar 07 10:41:15 +0000 2018,0.4927,0.225,0.775,0.0,47
47,BBC,"RT @CBeebiesHQ: 3 out of 4 parents wouldn‚Äôt be able to save their baby from choking. 

Learn how to help in a first aid emergency‚Ä¶https://t‚Ä¶",Wed Mar 07 09:58:38 +0000 2018,0.4404,0.211,0.681,0.108,48
48,BBC,A moving story of how one woman transformed Alzheimer‚Äôs research forever. ‚ù§Ô∏èhttps://t.co/2fwJDbWT8x,Wed Mar 07 09:00:07 +0000 2018,0.0,0.0,1.0,0.0,49
49,BBC,RT @BBCOne: They've smashed the record for the highest profit EVER on Antiques Road Trip! üò≤ https://t.co/TNuRcp2EOq,Wed Mar 07 08:46:22 +0000 2018,0.4926,0.175,0.825,0.0,50
50,BBC,"RT @bbc5live: What happens to your old paint?

A scheme in Leeds to recycle unused paint has saved hundreds of tons of leftovers from endin‚Ä¶",Wed Mar 07 08:46:14 +0000 2018,0.4215,0.109,0.891,0.0,51
51,BBC,"RT @BBCTwo: When this father and daughter paddled into the sea, they had no idea how much danger they were in... #SavingLivesAtSea https://‚Ä¶",Wed Mar 07 08:45:50 +0000 2018,-0.6808,0.0,0.789,0.211,52
52,BBC,"RT @cbbc: There are over 128,000 children in the UK without a home.

Watch CBBC's powerful documentary about homeless children on @BBCiPlay‚Ä¶",Wed Mar 07 08:44:59 +0000 2018,0.4215,0.123,0.877,0.0,53
53,BBC,"Dirty water kills millions every year. 

But one ingenious invention can remove dangerous microbes as they flow tow‚Ä¶ https://t.co/isjxUnr3Dp",Wed Mar 07 08:30:07 +0000 2018,-0.8591,0.0,0.627,0.373,54
54,BBC,"La Dame de Brassempouy is a beautiful 25,000 year-old representation of a female face. 
#Civilisations https://t.co/aKGUlvJFGF",Wed Mar 07 08:00:04 +0000 2018,0.5994,0.231,0.769,0.0,55
55,BBC,"üòÇüôä Who has a filthier mouth, Jennifer Lawrence or James McAvoy? https://t.co/lOfGcHVo6R",Tue Mar 06 19:30:06 +0000 2018,0.0,0.0,1.0,0.0,56
56,BBC,"A diver swims through a thick soup of plastic waste near Bali.
https://t.co/W8GJNKq8rm",Tue Mar 06 18:30:07 +0000 2018,-0.4215,0.0,0.781,0.219,57
57,BBC,"Every day around the UK, an army of unpaid volunteers put their lives on the line to try and save complete stranger‚Ä¶ https://t.co/W3Fel1iPSK",Tue Mar 06 18:03:04 +0000 2018,0.4939,0.127,0.873,0.0,58
58,BBC,"Impressive and terrifying in equal measure. 

This woman doesn't just sleepwalk... she sleep-drives too. https://t.co/Ovwb4dNaYJ",Tue Mar 06 17:30:07 +0000 2018,-0.1027,0.165,0.65,0.185,59
59,BBC,RT @bbcwritersroom: New #Brexit #comedy Soft Border Patrol is set on the border between #NorthernIreland and the Republic of #Ireland. We p‚Ä¶,Tue Mar 06 17:25:44 +0000 2018,0.0,0.0,1.0,0.0,60
60,BBC,üêß Scientists have stumbled across a huge group of previously unknown Ad√©lie penguins on the most northerly point of‚Ä¶ https://t.co/3GQ8PlQyMY,Tue Mar 06 17:02:04 +0000 2018,0.3182,0.119,0.881,0.0,61
61,BBC,"Too many Lego bricks is a problem many parents will sympathise with, but now the toy firm itself has admitted it ha‚Ä¶ https://t.co/4J0whItWAN",Tue Mar 06 15:30:10 +0000 2018,-0.0644,0.068,0.853,0.079,62
62,BBC,RT @bbccomedy: Nothing says welcome to the neighbourhood quite like everyone's favourite busybody üòÇ#TwoDoorsDown https://t.co/dClRm13dm9,Tue Mar 06 14:44:33 +0000 2018,0.6997,0.308,0.692,0.0,63
63,BBC,"üçª Cheers to that! 

Pubs will be allowed to stay open later than usual to give everyone a chance to celebrate Princ‚Ä¶ https://t.co/K7toUnOwSG",Tue Mar 06 14:30:05 +0000 2018,0.8439,0.336,0.664,0.0,64
64,BBC,"Tickets, food wrappers and posters provide a fascinating insight into the creativity of North Korea, and the image‚Ä¶ https://t.co/oe4tZwlBJw",Tue Mar 06 13:48:06 +0000 2018,0.7269,0.276,0.724,0.0,65
65,BBC,"RT @bbcthree: No you can't cure depression with meditation, kale or by simply cheering up. https://t.co/gsM8lRX6N2",Tue Mar 06 13:12:33 +0000 2018,0.6246,0.293,0.605,0.102,66
66,BBC,RT @BBCScotlandNews: A giant three-dimensional concrete map of Scotland is to be officially unveiled next month in the Borders https://t.co‚Ä¶,Tue Mar 06 13:11:26 +0000 2018,0.0,0.0,1.0,0.0,67
67,BBC,"üëü‚ôªÔ∏è British designer Anna Bullus is on a mission to recycle chewing gum into useful objects, cleaning up our street‚Ä¶ https://t.co/WbBeJSXXqF",Tue Mar 06 13:10:12 +0000 2018,0.4404,0.132,0.868,0.0,68
68,BBC,What happened to the beautiful Opal Reef that was one of the stars of David Attenborough's #BluePlanet2? https://t.co/RMNYfrBbdK,Tue Mar 06 12:30:05 +0000 2018,0.5994,0.187,0.813,0.0,69
69,BBC,"RT @BBCSportWales: We could watch this all day! 

Welcome to the wonderful world of football analogies - starring @SwansOfficial manager Ca‚Ä¶",Tue Mar 06 10:18:16 +0000 2018,0.7901,0.28,0.72,0.0,70
70,BBC,üêí‚ù§Ô∏è This baby chimp is being flown to a new home in DR Congo after it was rescued from poachers. https://t.co/rUZzDVLBt8,Tue Mar 06 09:00:05 +0000 2018,0.4215,0.128,0.872,0.0,71
71,BBC,üíçüôÖ Crippling costs and parents' split-ups could be to blame for the declining number of marriages between men and w‚Ä¶ https://t.co/avVWNgx3jH,Tue Mar 06 08:30:10 +0000 2018,-0.2732,0.057,0.837,0.106,72
72,BBC,"We've all heard thunder before, but what does lightning sound like? ‚ö°Ô∏èü§îhttps://t.co/3BGKK7iukQ",Tue Mar 06 08:03:02 +0000 2018,0.5023,0.228,0.772,0.0,73
73,BBC,üòÇ Who actually watched the #Oscars? https://t.co/opThFzy37n,Mon Mar 05 19:30:07 +0000 2018,0.0,0.0,1.0,0.0,74
74,BBC,"No meat. No fish. No eggs. No milk. No cheese. How hard is it to go vegan for a month? 

ü•¶ü•ëüçè Nesta McGregor investi‚Ä¶ https://t.co/1UBRGqIOp6",Mon Mar 05 18:38:04 +0000 2018,-0.8555,0.0,0.592,0.408,75
75,BBC,"Like father, like daughter.

üòÇüî• @GordonRamsay's daughter has already mastered the art of the roast. https://t.co/0dqwntX5uj",Mon Mar 05 17:23:22 +0000 2018,0.6124,0.263,0.737,0.0,76
76,BBC,RT @BBCFOUR: The little mouse that inspired Pikachu is actually... a rabbit. https://t.co/mHCFFXczka,Mon Mar 05 17:15:34 +0000 2018,0.4472,0.211,0.789,0.0,77
77,BBC,"""I made a promise to our six-year-old lead actress that I would sign this speech. My hands are shaking a little bit‚Ä¶ https://t.co/HgFpUtHDTB",Mon Mar 05 17:00:31 +0000 2018,0.1531,0.105,0.818,0.077,78
78,BBC,"RT @BBCRadio4: As it's Hexagonal Phase approaches, a brief history of the Hitchhiker's Guide: https://t.co/Ehp9AfMyn8 #h2g2 https://t.co/9F‚Ä¶",Mon Mar 05 14:48:43 +0000 2018,0.0,0.0,1.0,0.0,79
79,BBC,RT @BBCFOUR: How did Julius Caesar hide his bald patch? https://t.co/SME5Dfwifj,Mon Mar 05 14:43:13 +0000 2018,-0.1779,0.0,0.855,0.145,80
80,BBC,"RT @BBC_Teach: Thursday is #InternationalWomensDay

Reflecting on The Representation of the People Act with your class? @gemcairn traces th‚Ä¶",Mon Mar 05 14:42:36 +0000 2018,0.0,0.0,1.0,0.0,81
81,BBC,"RT @bbc5live: When you almost (accidentally) kill @Harry_Styles on the set of Dunkirk‚Ä¶ üò≥

 #Oscars https://t.co/G127l5yPkY",Mon Mar 05 14:11:28 +0000 2018,-0.6621,0.0,0.76,0.24,82
82,BBC,"RT @cbbc: Which football clubs charge the most for their pies? Take the imPIErative quiz here ‚öΩÔ∏èüç¥ üëâ https://t.co/xlSch4HVvl

#BritishPieWee‚Ä¶",Mon Mar 05 14:07:00 +0000 2018,0.0,0.0,1.0,0.0,83
83,BBC,"üê∂üíõ Little Ivor the Staffordshire puppy is deaf, but since learning sign language his life has changed for the bette‚Ä¶ https://t.co/vL83oBTAIL",Mon Mar 05 13:17:03 +0000 2018,0.0,0.0,1.0,0.0,84
84,BBC,RT @BBCFood: #MeatFreeMonday + #BritishPieWeek = Lancashire cheese and onion pie üôå ü•ßüßÄ https://t.co/07cH2MESmI https://t.co/G79WTJJnKr,Mon Mar 05 13:07:19 +0000 2018,0.0,0.0,1.0,0.0,85
85,BBC,"What is the best way to cope with adult acne? @BBCWomansHour asked dermatologist @DrAnjaliMahto to find out... 
üìªüëâ‚Ä¶ https://t.co/DxHxgWTslT",Mon Mar 05 12:34:04 +0000 2018,0.6369,0.189,0.811,0.0,86
86,BBC,"RT @bbcgetinspired: It was a feat some doctors said was impossible. Then Roger Bannister came along.

The first man to run a four-minute mi‚Ä¶",Mon Mar 05 12:33:12 +0000 2018,0.0,0.0,1.0,0.0,87
87,BBC,"üêãüèä What an experience!  
This is what it's like to go swimming with whales... 
#AmazingHotels https://t.co/ji90J6Olsj",Mon Mar 05 11:54:02 +0000 2018,0.4199,0.157,0.843,0.0,88
88,BBC,"‚ù§Ô∏è Just adorable. 
How would you react if your daughter won an Oscar? 
#TheSilentChild #Oscars https://t.co/ienD3dDtKX",Mon Mar 05 11:37:55 +0000 2018,0.7845,0.33,0.67,0.0,89
89,BBC,"This year's #Oscars have been handed out at the 90th annual Academy Awards in Hollywood. Find out who won, and who‚Ä¶ https://t.co/ZxfsMpDVwd",Mon Mar 05 11:00:11 +0000 2018,0.7717,0.251,0.749,0.0,90
90,BBC,"RT @BBCCornwall: It's #StPiransDay - so cheers to everyone! #GoolPeranLowen üåÆ

Bit of fun .. complete this sentence ""You know you're #Corni‚Ä¶",Mon Mar 05 10:42:57 +0000 2018,0.8384,0.345,0.655,0.0,91
91,BBC,"RT @BBC6Music: ü•ü Gool Peran Lowen / Happy #StPiransDay to all of our 
‚Äòansom Cornish listeners. 

To celebrate Gwenno is in session for @la‚Ä¶",Mon Mar 05 10:42:50 +0000 2018,0.8126,0.27,0.73,0.0,92
92,BBC,"RT @BBCRD: Available now! üì≤ Download the #Civilisations Augmented Reality app @BBCTaster to explore classic art, objects, and artefacts fro‚Ä¶",Mon Mar 05 10:09:20 +0000 2018,0.0,0.0,1.0,0.0,93
93,BBC,RT @BBCRadio2: What'sthe first leg of @ZoeTheBall's epic Sport Relief challenge? üö≤ She updates @achrisevans on #HardestRoadHome @sportrelie‚Ä¶,Mon Mar 05 09:58:23 +0000 2018,0.5267,0.227,0.773,0.0,94
94,BBC,üé≠üé¨#Oscars outfits designed to dazzle - all the red carpet glamour from the 90th Academy Awards in pictures‚Ä¶ https://t.co/iMBBXl75k0,Mon Mar 05 09:30:07 +0000 2018,0.7506,0.286,0.714,0.0,95
95,BBC,üòç A rare pure-white stoat! https://t.co/VoR9jXJmk4,Mon Mar 05 09:00:05 +0000 2018,0.0,0.0,1.0,0.0,96
96,BBC,"Many personality traits can be observed but there are other hidden forces that shape who we are.
üëâ‚Ä¶ https://t.co/aTsldl7s1z",Mon Mar 05 08:30:04 +0000 2018,0.0,0.0,1.0,0.0,97
97,BBC,"üêùüçØ How honey is collected.
#AmazingHotels https://t.co/UIJKlsamx5",Mon Mar 05 08:00:04 +0000 2018,0.0,0.0,1.0,0.0,98
98,BBC,RT @BBCNewsbeat: Miss Piggy has some strong feelings about this year's #Oscars selection üôàüòÇ https://t.co/vzHGz8PtmD,Sun Mar 04 20:11:35 +0000 2018,0.4019,0.184,0.726,0.089,99
99,BBC,Sloths have survived for more than 60 million years - what makes them so successful?  https://t.co/H4BAA5kAOL,Sun Mar 04 19:00:05 +0000 2018,0.8468,0.386,0.614,0.0,100
100,CBS,Today and every day we celebrate the women in our lives who empower and inspire us. Share a story about an¬†influent‚Ä¶ https://t.co/9rVtqrElvT,Thu Mar 08 18:00:49 +0000 2018,0.8625,0.336,0.664,0.0,1
101,CBS,Take and post a photo of the woman in your life who inspires you daily! Use the hashtag #WomanAmenACM in your post‚Ä¶ https://t.co/7ShhvE48zy,Thu Mar 08 17:03:04 +0000 2018,0.4926,0.132,0.868,0.0,2
102,CBS,"RT @thegoodfight: Meticulously constructed. Soapy &amp; sexy. Intoxicating, savage television. üî• Here's what critics are saying about #TheGoodF‚Ä¶",Wed Mar 07 18:39:10 +0000 2018,-0.2023,0.15,0.619,0.23,3
103,CBS,"This just in! @Jason_Aldean, @mirandalambert, @LukeBryanOnline, and many more are set to perform at the 53rd Academ‚Ä¶ https://t.co/mfxw2VxzU4",Wed Mar 07 17:06:02 +0000 2018,0.0,0.0,1.0,0.0,4
104,CBS,"Meet the ensemble of talented actors slated to join $1, a new mystery series coming to CBS All Access:‚Ä¶ https://t.co/QoyYv7vxwg",Tue Mar 06 18:10:59 +0000 2018,0.6705,0.244,0.756,0.0,5
105,CBS,"Will @Jason_Aldean, @garthbrooks, @LukeBryanOnline, @ChrisStapleton, or @KeithUrban be named Entertainer Of The Yea‚Ä¶ https://t.co/rMD8zjeX3s",Mon Mar 05 22:16:43 +0000 2018,0.3818,0.167,0.833,0.0,6
106,CBS,"RT @thegoodfight: It feels good to be back. üë†üíÑüî• The season 2 premiere of #TheGoodFight is now streaming, exclusively on CBS All Access: htt‚Ä¶",Sun Mar 04 08:05:26 +0000 2018,0.4404,0.116,0.884,0.0,7
107,CBS,"RT @thegoodfight: Tomorrow, #TheGoodFight is back. Stream the season 2 premiere only on CBS All Access: https://t.co/tNFR8LBJO2 https://t.c‚Ä¶",Sat Mar 03 20:55:20 +0000 2018,0.0,0.0,1.0,0.0,8
108,CBS,"Who are the trailblazing women in your life that inspire you? Join CBS and the ANA's #SeeHer initiative, celebratin‚Ä¶ https://t.co/M0KqZ41Bes",Fri Mar 02 22:30:01 +0000 2018,0.7096,0.247,0.753,0.0,9
109,CBS,"Join @maria_bello, @aishatyler and @TeaLeoni in celebrating the accomplishments of women who have contributed to th‚Ä¶ https://t.co/MefESBeFL3",Fri Mar 02 20:30:01 +0000 2018,0.7096,0.282,0.718,0.0,10
110,CBS,"In honor of Women's History Month, CBS and the Association of National Advertisers' (ANA) #SeeHer initiative will p‚Ä¶ https://t.co/2wtYxKJVuO",Fri Mar 02 18:45:00 +0000 2018,0.4939,0.151,0.849,0.0,11
111,CBS,RT @ZoeListerJones: Tonight‚Äôs an all new Life In Pieces and it‚Äôs directed by my ride or die @nataliaanderson!!!‚Ä¶ https://t.co/2LPfmyLWrY,Thu Mar 01 18:59:01 +0000 2018,-0.6981,0.0,0.79,0.21,12
112,CBS,"RT @MarenMorris: Hot damn! Woke up from my post-wisdom teeth haze to find out I‚Äôm up for 4 @ACMawards ! So honored, especially for the Dear‚Ä¶",Thu Mar 01 18:12:57 +0000 2018,0.4547,0.159,0.749,0.092,13
113,CBS,RT @KelseaBallerini: Ohhhhh goodness. Incredible. Thank you thank you thank you. #female https://t.co/1ZTYjNfQeF,Thu Mar 01 18:11:50 +0000 2018,0.8591,0.538,0.462,0.0,14
114,CBS,RT @KeithUrban: ACMs...... HOLY SMOKES!!!!! MAD LOVE TO U ALL THIS MORNING  FOR THESE INCREDIBLE NOMINATIONS. I‚ÄôM EXTREMELY GRATEFUL!!!!!!!‚Ä¶,Thu Mar 01 18:10:50 +0000 2018,0.4885,0.234,0.615,0.151,15
115,CBS,"RT @ACMawards: Congratulations to this year‚Äôs #ACMawards Video of the Year nominees:
‚ÄúBlack‚Äù - @DierksBentley
‚ÄúIt Ain‚Äôt My Fault‚Äù - @Brothe‚Ä¶",Thu Mar 01 14:36:21 +0000 2018,0.5994,0.178,0.822,0.0,16
116,CBS,"RT @ACMawards: Please give a round of applause to this year‚Äôs #ACMawards Entertainer of the Year nominees: @Jason_Aldean, @GarthBrooks, @Lu‚Ä¶",Thu Mar 01 14:29:20 +0000 2018,0.7717,0.325,0.675,0.0,17
117,CBS,".@ChrisStapleton, @ThomasRhett, @mirandalambert and more are all nominated for awards at Country Music's Party of t‚Ä¶ https://t.co/Vm1vXRUDYJ",Thu Mar 01 14:15:29 +0000 2018,0.6908,0.275,0.725,0.0,18
118,CBS,"The Queen of Country, @Reba, is returning to host the 53rd #ACMawards on Sunday, April 15 at 8/7c. Here are a few o‚Ä¶ https://t.co/Iqzz6Gql01",Thu Mar 01 13:50:11 +0000 2018,0.0,0.0,1.0,0.0,19
119,CBS,RT @survivorcbs: It‚Äôs time! #Survivor https://t.co/YPk6cGWrUA,Thu Mar 01 01:04:52 +0000 2018,0.0,0.0,1.0,0.0,20
120,CBS,"RT @CBSThisMorning: TOMORROW: The nominees for the 2018 @ACMawards will be announced live by the one-and-only, @Reba! 

Watch on @CBS in ou‚Ä¶",Wed Feb 28 19:56:58 +0000 2018,0.0,0.0,1.0,0.0,21
121,CBS,"RT @thegoodfight: From the set design and costumes to hair and makeup, the production quality is truly next-level. Take a peek inside the u‚Ä¶",Wed Feb 28 19:08:30 +0000 2018,0.4404,0.116,0.884,0.0,22
122,CBS,RT @LivinBiblically: The fun continues on Facebook! The #LivingBiblically cast is live to talk about tonight‚Äôs premiere. Tune in here: http‚Ä¶,Tue Feb 27 03:23:47 +0000 2018,0.5562,0.152,0.848,0.0,23
123,CBS,"RT @KevinCanWaitCBS: Can you get all the way through these #KevinCanWait bloopers without laughing?! @KevinJames,@LeahRemini and the rest o‚Ä¶",Mon Feb 26 22:50:32 +0000 2018,0.0,0.0,1.0,0.0,24
124,CBS,"RT @ACMawards: That‚Äôs right! @Reba is headed to @CBSThisMorning on Thursday, March 1 to announce this year‚Äôs #ACMAwards' nominees. Tune in‚Ä¶",Mon Feb 26 21:08:30 +0000 2018,0.0,0.0,1.0,0.0,25
125,CBS,"RT @ScorpionCBS: You can't hack your way to a 197 IQ, but you are well on your way with these Genius Facts from #TeamScorpion! üíª You can be‚Ä¶",Mon Feb 26 19:53:41 +0000 2018,0.4482,0.105,0.895,0.0,26
126,CBS,RT @SuperiorDonuts: You can always count on @DavidKoechner for a laugh! Did your favorite Tush moment make the list? Catch a new #SuperiorD‚Ä¶,Mon Feb 26 18:32:36 +0000 2018,0.784,0.266,0.734,0.0,27
127,CBS,RT @TheTalkCBS: TODAY: We loved them together then &amp; we love seeing them together now! Welcome back to the show @THESaraGilbert‚Äã's good fri‚Ä¶,Mon Feb 26 18:20:16 +0000 2018,0.9359,0.429,0.571,0.0,28
128,CBS,"RT @thegoodfight: As foundations begin to crumble, our characters struggle to make sense of this new dystopian world. The cast teases what'‚Ä¶",Mon Feb 26 16:53:56 +0000 2018,-0.5423,0.0,0.816,0.184,29
129,CBS,"#LivingBiblically's @linzkraft and @jrfergjr appeared on @KCBS's Facebook Live this morning, talking all about what‚Ä¶ https://t.co/4RebcHuuMQ",Mon Feb 26 16:52:01 +0000 2018,0.0,0.0,1.0,0.0,30
130,CBS,"RT @CBSSports: Introducing CBS Sports HQ, a New 24/7 Direct-to-Consumer Streaming Network for Sports News, Highlights, &amp; Analysis.

Stream‚Ä¶",Mon Feb 26 16:17:55 +0000 2018,0.0,0.0,1.0,0.0,31
131,CBS,"RT @CBSBigBrother: It‚Äôs down to the final 5 celebrity Houseguests, and anyone could take home the grand prize! Tune in NOW to watch the #BB‚Ä¶",Mon Feb 26 01:12:32 +0000 2018,0.7644,0.231,0.769,0.0,32
132,CBS,RT @startrekcbs: Binge the entire first season of #StarTrekDiscovery. All episodes now streaming exclusively on CBS All Access: https://t.c‚Ä¶,Sun Feb 25 21:51:32 +0000 2018,0.0,0.0,1.0,0.0,33
133,CBS,"RT @thegoodfight: #TheGoodFight returns in 1 week. Season 2 premieres Sunday, March 4. https://t.co/nomCao1GWp https://t.co/BOn6bOe9Tb",Sun Feb 25 21:51:22 +0000 2018,0.0,0.0,1.0,0.0,34
134,CBS,RT @thegoodfight: This is our new favorite thing. Christine Baranski debuted #TheGoodFight the Musical on @colbertlateshow last night! üéµüé§‚Ä¶,Fri Feb 23 18:15:40 +0000 2018,0.5093,0.155,0.845,0.0,35
135,CBS,"RT @LivinBiblically: Confession time: have YOU ever hit the ""close door"" button in an elevator while somebody was approaching? The cast of‚Ä¶",Thu Feb 22 19:26:52 +0000 2018,0.0,0.0,1.0,0.0,36
136,CBS,RT @CBSEyeSpeak: Mark your calendars! #CBSEyeSpeak kicks off March 14 with The EYE Speak Summit. Follow our page for more details! https://‚Ä¶,Wed Feb 21 19:20:04 +0000 2018,0.0,0.0,1.0,0.0,37
137,CBS,"RT @CBSEyeSpeak: Proud to announce a new CBS initiative, promoting female empowerment and developing the next generation of leaders through‚Ä¶",Wed Feb 21 18:19:25 +0000 2018,0.6808,0.248,0.752,0.0,38
138,CBS,"RT @LivinBiblically: When you're living by the Bible, it's good to have a priest and a rabbi on call (provided they answer their phones, th‚Ä¶",Tue Feb 20 19:55:19 +0000 2018,0.4404,0.116,0.884,0.0,39
139,CBS,"RT @thegoodfight: Chicago lawyers are being hunted and the world is going insane. 

The new season of #TheGoodFight premieres Sunday, March‚Ä¶",Tue Feb 20 17:58:18 +0000 2018,-0.4019,0.0,0.881,0.119,40
140,CBS,Ready for some larger than life competition? This new series from @MarkBurnettTV will premiere in summer 2018.‚Ä¶ https://t.co/gDXHLdIJ5v,Tue Feb 20 17:39:51 +0000 2018,0.3612,0.128,0.872,0.0,41
141,CBS,"With tournament dreams on the line, make sure to stream these college basketball matchups on CBS All Access:‚Ä¶ https://t.co/SGkYUZrQWB",Sat Feb 17 01:07:20 +0000 2018,0.6124,0.227,0.773,0.0,42
142,CBS,"RT @LivinBiblically: While Chip's sticking to the Bible's original rules, the cast of #LivingBiblically has given them a more modern makeov‚Ä¶",Fri Feb 16 18:42:43 +0000 2018,0.3182,0.108,0.892,0.0,43
143,CBS,"Casting News! Peter Mark Kendall, Michael Gaston, Greg Wise, Rade ≈†erbed≈æija, Zack Pearlman, and Keye Chen join the‚Ä¶ https://t.co/GFob2KrD8H",Fri Feb 16 17:48:20 +0000 2018,0.68,0.248,0.752,0.0,44
144,CBS,RT @BullCBS: The verdict is in...#Bull is the perfect Valentine! ‚ù§Ô∏è Happy #ValentinesDay! https://t.co/poEejI4AnC,Wed Feb 14 19:23:27 +0000 2018,0.8619,0.466,0.534,0.0,45
145,CBS,"RT @NoActivityCBS: Car 27 reporting: Season 2 of #NoActivity coming soon!

Binge season one now on CBS All Access: https://t.co/yvxoQMeyhN‚Ä¶",Tue Feb 13 20:03:56 +0000 2018,0.0,0.0,1.0,0.0,46
146,CBS,"RT @LivinBiblically: Against all odds (and the advice of his God Squad), Chip is determined to live life by the Good Book. Think you could‚Ä¶",Tue Feb 13 18:54:52 +0000 2018,0.7506,0.252,0.748,0.0,47
147,CBS,RT @thegoodfight: Christine Baranski reflects upon the spectacular metamorphosis of her character in #TheGoodFight's first season. Revisit‚Ä¶,Mon Feb 12 18:49:45 +0000 2018,0.0,0.0,1.0,0.0,48
148,CBS,RT @startrekcbs: Binge the entire first season of #StarTrekDiscovery. All 15 episodes now streaming on CBS All Access: https://t.co/lKLaptP‚Ä¶,Mon Feb 12 01:32:33 +0000 2018,0.0,0.0,1.0,0.0,49
149,CBS,RT @SuperiorDonuts: Looking for a #Valentine? Tush is here to help you land your dream date just in time for the day of love! #SuperiorDonu‚Ä¶,Fri Feb 09 00:50:01 +0000 2018,0.8478,0.304,0.696,0.0,50
150,CBS,RT @CBSBigBrother: The pressure is on as the Houseguests battle each other for victory in the first HOH competition. Stream the season prem‚Ä¶,Thu Feb 08 16:09:35 +0000 2018,-0.5859,0.0,0.814,0.186,51
151,CBS,"RT @startrekcbs: Sunday, this season's epic journey reaches its final reckoning. Catch up before the season finale: https://t.co/4Ea5wpmAep‚Ä¶",Wed Feb 07 18:35:19 +0000 2018,0.0516,0.066,0.934,0.0,52
152,CBS,"Are you a sucker for jaw-dropping talent competitions? Announcing The World's Best, a first-of-its-kind new global‚Ä¶ https://t.co/fagCMklm2Z",Wed Feb 07 16:17:48 +0000 2018,0.5574,0.312,0.536,0.152,53
153,CBS,"RT @BullCBS: Tonight, one of these 3 TAC employees will end up incarcerated. Who do you think it will be? Tune into a new episode of #Bull‚Ä¶",Tue Feb 06 22:21:39 +0000 2018,0.0,0.0,1.0,0.0,54
154,CBS,"RT @thegoodfight: There's no season like lawyer season. #TheGoodFight returns March 4, exclusively on CBS All Access. https://t.co/XAlrg1nB‚Ä¶",Tue Feb 06 17:05:49 +0000 2018,0.0772,0.121,0.773,0.106,55
155,CBS,"RT @thegoodfight: The acclaimed series returns in 1 month. #TheGoodFight is back Sunday, March 4. https://t.co/5BNLTYRd8p https://t.co/yInP‚Ä¶",Sun Feb 04 15:35:36 +0000 2018,0.0,0.0,1.0,0.0,56
156,CBS,".@KeshaRose's emotional performance with @CyndiLauper, @AndraDayMusic, @BebeRexha and @Camila_Cabello brought the a‚Ä¶ https://t.co/qpgS2e9ir0",Sun Feb 04 12:00:01 +0000 2018,0.1531,0.118,0.882,0.0,57
157,CBS,Broadway legend Patti LuPone paid tribute to Sir Andrew Lloyd Webber with a show-stopping rendition of the iconic s‚Ä¶ https://t.co/GxqLtUzhFP,Sat Feb 03 23:11:43 +0000 2018,0.0,0.0,1.0,0.0,58
158,CBS,"Relive an entire night's worth of big wins, live performances and many more inspiring moments from The 60th Annual‚Ä¶ https://t.co/CH7mJ4Y3QT",Sat Feb 03 12:00:07 +0000 2018,0.8268,0.338,0.662,0.0,59
159,CBS,RT @swatcbs: ‚ú®@TheTalkCBS' @TheRealEve and @ShemarMoore brought some serious heat to the GRAMMYs red carpet: https://t.co/WYTITKkLQd https:‚Ä¶,Fri Feb 02 22:36:13 +0000 2018,-0.0772,0.0,0.925,0.075,60
160,CBS,"The all-star collaboration between @Rihanna, @DJKhaled and @brysontiller brought the party to the #GRAMMYs with a s‚Ä¶ https://t.co/jTv5QbtgUp",Fri Feb 02 20:07:40 +0000 2018,0.4019,0.144,0.856,0.0,61
161,CBS,RT @TheTalkCBS: All the #redcarpet looks from the 60th annual #GRAMMYs! Did you catch @TheRealEve's sparkly two-piece suit? Diamond accents‚Ä¶,Fri Feb 02 19:03:33 +0000 2018,0.4003,0.124,0.876,0.0,62
162,CBS,Go backstage with the celebs and see which stars celebrated the big night together! Here are the moments you missed‚Ä¶ https://t.co/rgQTXRQyLg,Fri Feb 02 17:23:18 +0000 2018,0.6114,0.166,0.834,0.0,63
163,CBS,üé∂ @DearEvanHansen star Ben Platt gave a soaring performance of a classic Broadway hit. Watch him perform 'Somewhere‚Ä¶ https://t.co/HcuizFWo02,Thu Feb 01 22:04:41 +0000 2018,0.0,0.0,1.0,0.0,64
164,CBS,"üé∏ @LittleBigTown, @U2, @BrunoMars and @Pink are just a few of the superstar performers that lit up the stage at The‚Ä¶ https://t.co/2v0MNYMItG",Thu Feb 01 20:09:49 +0000 2018,0.0,0.0,1.0,0.0,65
165,CBS,"Don't miss country stars Emmylou Harris and @ChrisStapleton perform a moving rendition of @TomPetty's classic song,‚Ä¶ https://t.co/GxoIW97XIu",Wed Jan 31 21:42:15 +0000 2018,0.1139,0.088,0.912,0.0,66
166,CBS,RT @survivorcbs: Get excited! üôå It‚Äôs finally time to meet the castaways of #Survivor: Ghost Island ‚ò† https://t.co/xQQ8ROhKbM https://t.co/P‚Ä¶,Wed Jan 31 17:05:47 +0000 2018,0.1007,0.135,0.75,0.115,67
167,CBS,"Country stars @EricChurch, @BrothersOsborne and @MarenMorris performed a touching tribute dedicated to the victims‚Ä¶ https://t.co/YCIq9i70fd",Wed Jan 31 16:37:17 +0000 2018,0.4588,0.188,0.812,0.0,68
168,CBS,Missed the Man vs. Beast #SuperBowlCommercials showdown? Catch up now to find out which entertaining ad was named t‚Ä¶ https://t.co/SlyO0n7yMX,Wed Jan 31 06:55:30 +0000 2018,0.1779,0.126,0.779,0.095,69
169,CBS,"RT @rikimae: Ok, that one makes me cry #superbowlcommercials",Wed Jan 31 02:15:16 +0000 2018,-0.2263,0.179,0.569,0.252,70
170,CBS,"If this doesn‚Äôt make you cry, nothing will. #SuperBowlCommercials https://t.co/UjFf3xr4so",Wed Jan 31 01:58:40 +0000 2018,-0.4767,0.0,0.744,0.256,71
171,CBS,"RT @maverickkr: #superbowlcommercials the frogs were great, I'd forgotten about that one.",Wed Jan 31 01:52:46 +0000 2018,0.4939,0.256,0.625,0.119,72
172,CBS,"If you haven't voted yet, it's not too late! Choose your favorite here: https://t.co/s4pEIF5IX8‚Ä¶ https://t.co/VCa1YHDyYy",Wed Jan 31 01:49:43 +0000 2018,0.5093,0.19,0.81,0.0,73
173,CBS,RT @5691e44f3b66446: I am having so much fun ...the commercials are awesome #superbowlcommercials,Wed Jan 31 01:31:27 +0000 2018,0.8261,0.434,0.566,0.0,74
174,CBS,RT @LittleShelbyMae: Love watching the #superbowlcommercials all the animal ones are my favorite!!,Wed Jan 31 01:29:10 +0000 2018,0.8309,0.414,0.586,0.0,75
175,CBS,RT @PatHale915: Doritos time machine was great!   #superbowlcommercials,Wed Jan 31 01:24:16 +0000 2018,0.6588,0.386,0.614,0.0,76
176,CBS,Never make a goat angry. #SuperBowlCommercials https://t.co/xRJssdAErk,Wed Jan 31 01:18:37 +0000 2018,-0.5106,0.0,0.602,0.398,77
177,CBS,RT @MsLindsieStarr: That dang goat! #Doritos #superbowlcommercials,Wed Jan 31 01:17:37 +0000 2018,0.0,0.0,1.0,0.0,78
178,CBS,Do you remember this Super Bowl commercial featuring @KevinHart4real playing an overprotective father?‚Ä¶ https://t.co/ejLnTEG5ug,Wed Jan 31 01:16:15 +0000 2018,0.7525,0.349,0.651,0.0,79
179,CBS,RT @dRoy: Homework will take a break for now. #superbowlcommercials on cbs is on üëå,Wed Jan 31 01:08:01 +0000 2018,0.0,0.0,1.0,0.0,80
180,CBS,RT @Mixxxalv: Watching #superbowlcommercials let the best win!,Wed Jan 31 01:04:34 +0000 2018,0.8516,0.58,0.42,0.0,81
181,CBS,Super Bowl Greatest Commercials 2018 hosts @7BOOMERESIASON and @DanielaRuah are moments away from announcing the tw‚Ä¶ https://t.co/cKM1WXPc9u,Wed Jan 31 01:00:35 +0000 2018,0.8442,0.351,0.649,0.0,82
182,CBS,It's Man vs. Beast as these classic Super Bowl spots face off tonight on Super Bowl Greatest Commercials 2018! Tune‚Ä¶ https://t.co/GcoSAcfeUd,Wed Jan 31 00:55:04 +0000 2018,0.923,0.406,0.594,0.0,83
183,CBS,"Tonight, get a first look at #ChrisElliott starring in the new @AvosfromMexico Super Bowl Commercial on‚Ä¶ https://t.co/WMEjsZfgdg",Wed Jan 31 00:37:20 +0000 2018,0.5994,0.206,0.794,0.0,84
184,CBS,"Join @NCISLA's @DanielaRuah and @7BOOMERESIASON on Super Bowl Greatest Commercials 2018, tonight at 8/7c on CBS and‚Ä¶ https://t.co/nzVu1FCRc5",Wed Jan 31 00:11:53 +0000 2018,0.8834,0.407,0.593,0.0,85
185,CBS,Everyone knows the best part of the Super Bowl is the commercials! Find out how to tune in and vote for your favori‚Ä¶ https://t.co/KGDYl9oF98,Tue Jan 30 23:35:01 +0000 2018,0.8553,0.276,0.724,0.0,86
186,CBS,Throw it back to this classic Michael Jordan vs. Larry Bird spot tonight on Super Bowl Greatest Commercials 2018! W‚Ä¶ https://t.co/g2H4zV7wIN,Tue Jan 30 21:19:22 +0000 2018,0.8553,0.306,0.694,0.0,87
187,CBS,"Super Bowl Greatest Commercials 2018 airs tonight! Cast your vote now, then tune in and vote for the winner live at‚Ä¶ https://t.co/h4jGpUheP5",Tue Jan 30 18:46:04 +0000 2018,0.9215,0.391,0.609,0.0,88
188,CBS,Remember when @robinthicke and Lil Wayne (@liltunechi) joined jazz legends on stage at the 51st #GRAMMYs? Watch thi‚Ä¶ https://t.co/2l8gBdOrli,Tue Jan 30 16:00:02 +0000 2018,0.0,0.0,1.0,0.0,89
189,CBS,"Tomorrow, catch a sneak peek of the incredible @TiffanyHaddish in her first Super Bowl Commercial for @Groupon on‚Ä¶ https://t.co/RlehujNvFN",Tue Jan 30 04:03:31 +0000 2018,0.5994,0.187,0.813,0.0,90
190,CBS,Rapper @Logic301 delivered a poignant message of hope to conclude his powerful performance with @alessiacara and‚Ä¶ https://t.co/elSqZExRtN,Tue Jan 30 03:17:51 +0000 2018,0.6908,0.289,0.711,0.0,91
191,CBS,Even our host @JKCorden was starstruck when Broadway icon Patti LuPone performed at The #GRAMMYs! https://t.co/YJhNBllFh6,Tue Jan 30 02:12:15 +0000 2018,0.0,0.0,1.0,0.0,92
192,CBS,Childish Gambino serenaded the crowd with his smooth vocals in this mesmerizing performance. Watch him perform 'Ter‚Ä¶ https://t.co/TkWZP7PS22,Tue Jan 30 01:29:06 +0000 2018,-0.296,0.0,0.885,0.115,93
193,CBS,.@OfficialSting and @shaggy757 joined together to bring their upbeat reggae vibes to Madison Square Garden. Watch t‚Ä¶ https://t.co/iqq0DbM1IR,Tue Jan 30 00:11:05 +0000 2018,0.0,0.0,1.0,0.0,94
194,CBS,Superstar @Pink left it all on the stage last night in a simply stunning performance that brought the crowd to thei‚Ä¶ https://t.co/B9Tj5INcNu,Mon Jan 29 22:45:21 +0000 2018,0.3818,0.115,0.885,0.0,95
195,CBS,Check out these photos of the night's best backstage moments you didn't see on TV! Here's what you missed at The 60‚Ä¶ https://t.co/6TBI8NV8JJ,Mon Jan 29 22:10:15 +0000 2018,0.5093,0.162,0.758,0.079,96
196,CBS,The dapper duo of @itstonybennett and @johnlegend brought down the #GRAMMYs house with an impromptu duet.‚Ä¶ https://t.co/ucRrAFk59f,Mon Jan 29 20:00:04 +0000 2018,0.0,0.0,1.0,0.0,97
197,CBS,üé∂@BrunoMars worked his 24K Magic to become the night's biggest winner. See his #GRAMMYs acceptance speech for Album‚Ä¶ https://t.co/dXzjWH0myx,Mon Jan 29 19:00:05 +0000 2018,0.7783,0.286,0.714,0.0,98
198,CBS,When your win at The #GRAMMYs feels like 24K Magic! Congratulations to @BrunoMars for taking home six awards this y‚Ä¶ https://t.co/UhWCE8OKfK,Mon Jan 29 18:00:02 +0000 2018,0.9259,0.442,0.558,0.0,99
199,CBS,‚ú®@LadyGaga's stripped-down performance soared on the #GRAMMYs stage. See all the night's performances here:‚Ä¶ https://t.co/Dw6xSzeeGC,Mon Jan 29 17:15:04 +0000 2018,0.0,0.0,1.0,0.0,100
200,CNN,"When NASA's Parker Solar Probe travels into the sun's atmosphere, you can ride along. Well, your name can.‚Ä¶ https://t.co/XqFJGw25fo",Thu Mar 08 22:04:57 +0000 2018,0.2732,0.104,0.896,0.0,1
201,CNN,A senior adviser at HUD spread a false conspiracy theory that claimed Hillary Clinton's 2016 presidential campaign‚Ä¶ https://t.co/sKaKkCuZXu,Thu Mar 08 22:01:20 +0000 2018,-0.5267,0.0,0.815,0.185,2
202,CNN,"Why block a user when the mute button could do?

That is one of the questions posed in a lawsuit alleging that Pres‚Ä¶ https://t.co/YPNMw3wWoc",Thu Mar 08 22:00:47 +0000 2018,-0.5859,0.0,0.806,0.194,3
203,CNN,"""President Trump might be facing a period of stormy news coverage over allegations he paid to cover up an affair wi‚Ä¶ https://t.co/9ewX30Rcr1",Thu Mar 08 21:55:24 +0000 2018,0.0,0.0,1.0,0.0,4
204,CNN,Sen. Jeff Flake threatens to introduce legislation to nullify President Trump's tariffs https://t.co/bWttC10UQt https://t.co/r6rHfLiP6i,Thu Mar 08 21:53:33 +0000 2018,-0.3818,0.0,0.833,0.167,5
205,CNN,"Tesla CEO Elon Musk wants his electric car company to be competitive in China, and he's asking for US President Tru‚Ä¶ https://t.co/xn4FmAZvMp",Thu Mar 08 21:51:50 +0000 2018,0.1779,0.075,0.925,0.0,6
206,CNN,PlayStation 4's latest update gives parents the ability to restrict how long a child uses the system‚Ä¶ https://t.co/OW3V6neOEb,Thu Mar 08 21:50:32 +0000 2018,-0.0772,0.116,0.754,0.131,7
207,CNN,"Trump's tariff plan has spooked markets, prompted his chief economist's resignation, rattled major US allies and wi‚Ä¶ https://t.co/3RqTOD1kMP",Thu Mar 08 21:44:08 +0000 2018,-0.296,0.0,0.885,0.115,8
208,CNN,"RT @CNNnewsroom: ""The city of Parkland, nobody knew where that was...now the world knows where Parkland is: it's on the list of Columbine,‚Ä¶",Thu Mar 08 21:39:52 +0000 2018,0.0,0.0,1.0,0.0,9
209,CNN,Democrats say a Uranium One whistleblower provided Congress with no evidence of wrongdoing involving Hillary Clinto‚Ä¶ https://t.co/jBXSUJ5AyX,Thu Mar 08 21:29:00 +0000 2018,-0.296,0.0,0.872,0.128,10
210,CNN,"President Trump spoke with nostalgia at today's tariff announcement, describing the steel industry as he knew it as‚Ä¶ https://t.co/RU6nlbmtwr",Thu Mar 08 21:28:27 +0000 2018,0.0,0.0,1.0,0.0,11
211,CNN,RT @TheLeadCNN: President Trump is upset with White House press secretary Sarah Sanders over her responses regarding his alleged affair wit‚Ä¶,Thu Mar 08 21:25:02 +0000 2018,-0.3818,0.0,0.885,0.115,12
212,CNN,"President Trump on his tariff plan: ""American companies have not been treated fairly, and some American companies f‚Ä¶ https://t.co/iSKmDP6QQD",Thu Mar 08 21:22:09 +0000 2018,0.0,0.0,1.0,0.0,13
213,CNN,President Trump on tariff plan: ‚ÄúThe workers who poured their souls into building this great nation were betrayed.‚Ä¶ https://t.co/BKkZwaE3Qx,Thu Mar 08 21:11:53 +0000 2018,0.7073,0.213,0.787,0.0,14
214,CNN,RT @CNNMoney: Dow closes up 94 points after Trump unveils steel and aluminum tariffs with some exemptions. U.S. Steel falls 3%.  https://t.‚Ä¶,Thu Mar 08 21:10:31 +0000 2018,0.0,0.0,1.0,0.0,15
215,CNN,"President Trump on NAFTA: ‚ÄúWe either make a deal or we terminate. And if we do, there won‚Äôt be any tariffs on Canad‚Ä¶ https://t.co/uzvHjesQ6E",Thu Mar 08 21:09:04 +0000 2018,0.0,0.0,1.0,0.0,16
216,CNN,"President Trump: ""Our factories were left to rot and to rust all over the place. Thriving communities turned into g‚Ä¶ https://t.co/qct0zY4gRu",Thu Mar 08 21:03:55 +0000 2018,0.0,0.0,1.0,0.0,17
217,CNN,President Trump: ‚ÄúThe American steel aluminum industry has been ravaged by aggressive foreign trade practices. It‚Äôs‚Ä¶ https://t.co/E3yq1tU3bP,Thu Mar 08 20:55:43 +0000 2018,-0.1531,0.0,0.909,0.091,18
218,CNN,"President Trump: ""Today I'm defending America's national security by placing tariffs on foreign imports of steel an‚Ä¶ https://t.co/XH22ESdPSU",Thu Mar 08 20:50:56 +0000 2018,0.34,0.124,0.876,0.0,19
219,CNN,President Trump is about to impose new tariffs on steel and aluminum imports. Follow live updates:‚Ä¶ https://t.co/o4VDiUWujN,Thu Mar 08 20:38:12 +0000 2018,-0.296,0.0,0.879,0.121,20
220,CNN,The Cranberries will be releasing a final album made with Dolores O'Riordan https://t.co/z8rKgNyCmy https://t.co/tPkkmZplLe,Thu Mar 08 20:25:13 +0000 2018,0.0,0.0,1.0,0.0,21
221,CNN,"Russians released an anti-Clinton video game called ""Hilltendo"" weeks before the 2016 US presidential election. It‚Ä¶ https://t.co/tTFHTqxF42",Thu Mar 08 20:20:38 +0000 2018,0.0,0.0,1.0,0.0,22
222,CNN,Former Trump campaign chairman Paul Manafort has entered a plea of not guilty to charges of bank fraud and tax crim‚Ä¶ https://t.co/myDFUQIvIw,Thu Mar 08 20:03:33 +0000 2018,-0.1665,0.16,0.694,0.146,23
223,CNN,Bernie Sanders is spending a lot of time in Trump country. Here's why. | Analysis by CNN's Gregory Krieg and Sam Pe‚Ä¶ https://t.co/GFkPrBfWvm,Thu Mar 08 20:01:36 +0000 2018,0.0,0.0,1.0,0.0,24
224,CNN,"A salmonella outbreak linked to chicken salad has sickened another 105 people, bringing the total to 170 in seven s‚Ä¶ https://t.co/SWH9Q0tsYr",Thu Mar 08 19:53:17 +0000 2018,-0.5423,0.0,0.844,0.156,25
225,CNN,"In a trade war over steel, US farmers could be collateral damage https://t.co/tChleqd7qi https://t.co/EotEUo9LN1",Thu Mar 08 19:42:07 +0000 2018,-0.7964,0.0,0.608,0.392,26
226,CNN,"Russian internet trolls created an anti-Hillary Clinton video game called ""Hilltendo"" and tried to make it go viral‚Ä¶ https://t.co/De3h9kjvKx",Thu Mar 08 19:37:55 +0000 2018,0.25,0.1,0.9,0.0,27
227,CNN,Bones found on a remote Pacific island almost eight decades ago likely are those of pioneering pilot Amelia Earhart‚Ä¶ https://t.co/Ae3YEwSVSJ,Thu Mar 08 19:31:33 +0000 2018,0.0,0.0,1.0,0.0,28
228,CNN,"Volkswagen says it will stop using coal to power its main factory in Wolfsburg, Germany https://t.co/yxE1eIG6oG https://t.co/w2sugdXQz8",Thu Mar 08 19:28:27 +0000 2018,-0.296,0.0,0.879,0.121,29
229,CNN,"In his fight with North Korea, Trump may end up with no allies | @NicRobertsonCNN for @CNNopinion‚Ä¶ https://t.co/MF5muUcnk0",Thu Mar 08 19:20:03 +0000 2018,-0.5859,0.0,0.758,0.242,30
230,CNN,Trump wants you to think about video games instead of guns | Analysis by @zbyronwolf¬†@zbyronwolf¬†‚Ä¶ https://t.co/5uutuvLV6i,Thu Mar 08 19:10:07 +0000 2018,0.0,0.0,1.0,0.0,31
231,CNN,9 things you need to believe if you believe the White House on Stormy Daniels | Analysis by @CillizzaCNN‚Ä¶ https://t.co/zwvP0mf89V,Thu Mar 08 19:00:13 +0000 2018,0.0,0.0,1.0,0.0,32
232,CNN,"Sen. Tammy Duckworth will be the first US senator to give birth while in office, and she's fighting to change longs‚Ä¶ https://t.co/Uljo219oJ6",Thu Mar 08 18:50:00 +0000 2018,-0.3612,0.0,0.894,0.106,33
233,CNN,@theashleygraham @Caitlyn_Jenner @CarmenYulinCruz @DVF @muzoonrakan1 @UNICEF @bobblanddesign @karunanundy‚Ä¶ https://t.co/pSG5QNVNG6,Thu Mar 08 18:43:15 +0000 2018,0.0,0.0,1.0,0.0,34
234,CNN,"Russian internet trolls created an anti-Hillary Clinton video game called ""Hilltendo"" and tried to make it go viral‚Ä¶ https://t.co/afpc123s31",Thu Mar 08 18:39:49 +0000 2018,0.25,0.1,0.9,0.0,35
235,CNN,McDonald's is celebrating #InternationalWomensDay by flipping its famous golden arches https://t.co/biYp1ZduyT https://t.co/H8MMkU7HOL,Thu Mar 08 18:32:00 +0000 2018,0.5719,0.252,0.748,0.0,36
236,CNN,"When Laxmi was 15, a man she refused to marry threw acid in her face. But she recovered from her injuries and chang‚Ä¶ https://t.co/ExD5GdcO80",Thu Mar 08 18:23:00 +0000 2018,-0.296,0.0,0.909,0.091,37
237,CNN,A Missouri police officer killed this week in the line of duty met with gunfire only after he was dispatched to the‚Ä¶ https://t.co/HYWoNIjHrz,Thu Mar 08 18:10:10 +0000 2018,-0.6705,0.0,0.824,0.176,38
238,CNN,@theashleygraham @Caitlyn_Jenner @CarmenYulinCruz @DVF @muzoonrakan1 @UNICEF @bobblanddesign @karunanundy‚Ä¶ https://t.co/37dwU8ZnGP,Thu Mar 08 17:47:25 +0000 2018,0.0,0.0,1.0,0.0,39
239,CNN,@theashleygraham @Caitlyn_Jenner @CarmenYulinCruz @DVF @muzoonrakan1 @UNICEF @bobblanddesign @karunanundy‚Ä¶ https://t.co/vFaGKx23rg,Thu Mar 08 17:46:41 +0000 2018,0.0,0.0,1.0,0.0,40
240,CNN,@theashleygraham @Caitlyn_Jenner @CarmenYulinCruz @DVF @muzoonrakan1 @UNICEF @bobblanddesign @karunanundy‚Ä¶ https://t.co/bo53G6XGgJ,Thu Mar 08 17:45:33 +0000 2018,0.0,0.0,1.0,0.0,41
241,CNN,@theashleygraham @Caitlyn_Jenner @CarmenYulinCruz @DVF @muzoonrakan1 @UNICEF @bobblanddesign @karunanundy‚Ä¶ https://t.co/hlNoEhDOxl,Thu Mar 08 17:44:43 +0000 2018,0.0,0.0,1.0,0.0,42
242,CNN,@theashleygraham @Caitlyn_Jenner @CarmenYulinCruz @DVF @muzoonrakan1 @UNICEF @bobblanddesign @karunanundy‚Ä¶ https://t.co/p3Ez30VMb7,Thu Mar 08 17:43:58 +0000 2018,0.0,0.0,1.0,0.0,43
243,CNN,@theashleygraham @Caitlyn_Jenner @CarmenYulinCruz @DVF @muzoonrakan1 @UNICEF @bobblanddesign @karunanundy‚Ä¶ https://t.co/4smfFqlPeG,Thu Mar 08 17:43:11 +0000 2018,0.0,0.0,1.0,0.0,44
244,CNN,@theashleygraham @Caitlyn_Jenner @CarmenYulinCruz @DVF @muzoonrakan1 @UNICEF @bobblanddesign @karunanundy‚Ä¶ https://t.co/sYFiiE2pot,Thu Mar 08 17:42:02 +0000 2018,0.0,0.0,1.0,0.0,45
245,CNN,@theashleygraham @Caitlyn_Jenner @CarmenYulinCruz @DVF @muzoonrakan1 @UNICEF @bobblanddesign @karunanundy‚Ä¶ https://t.co/ngx7uBQlVT,Thu Mar 08 17:40:53 +0000 2018,0.0,0.0,1.0,0.0,46
246,CNN,@theashleygraham @Caitlyn_Jenner @CarmenYulinCruz @DVF @muzoonrakan1 @UNICEF @bobblanddesign @karunanundy‚Ä¶ https://t.co/bFHQopTOk0,Thu Mar 08 17:39:13 +0000 2018,0.0,0.0,1.0,0.0,47
247,CNN,@theashleygraham @Caitlyn_Jenner @CarmenYulinCruz @DVF @muzoonrakan1 @UNICEF @bobblanddesign @karunanundy‚Ä¶ https://t.co/yvva0lx8mC,Thu Mar 08 17:38:04 +0000 2018,0.0,0.0,1.0,0.0,48
248,CNN,@theashleygraham @Caitlyn_Jenner @CarmenYulinCruz @DVF @muzoonrakan1 @UNICEF @bobblanddesign @karunanundy‚Ä¶ https://t.co/HNJtpRQzTC,Thu Mar 08 17:36:23 +0000 2018,0.0,0.0,1.0,0.0,49
249,CNN,@theashleygraham @Caitlyn_Jenner @CarmenYulinCruz @DVF @muzoonrakan1 @UNICEF @bobblanddesign @karunanundy‚Ä¶ https://t.co/YbtMLrEunr,Thu Mar 08 17:35:29 +0000 2018,0.0,0.0,1.0,0.0,50
250,CNN,@theashleygraham @Caitlyn_Jenner @CarmenYulinCruz @DVF @muzoonrakan1 @UNICEF @bobblanddesign @karunanundy ‚ÄúWe have‚Ä¶ https://t.co/VQIOWE6xvQ,Thu Mar 08 17:34:23 +0000 2018,0.0,0.0,1.0,0.0,51
251,CNN,@theashleygraham @Caitlyn_Jenner @CarmenYulinCruz @DVF @muzoonrakan1 @UNICEF @bobblanddesign ‚ÄúI would make sure tha‚Ä¶ https://t.co/g0lYhMLHaf,Thu Mar 08 17:33:30 +0000 2018,0.3182,0.161,0.839,0.0,52
252,CNN,"@theashleygraham @Caitlyn_Jenner @CarmenYulinCruz @DVF @muzoonrakan1 @UNICEF ‚ÄúListen to women,‚Äù says‚Ä¶ https://t.co/4rT0n5bAXU",Thu Mar 08 17:32:06 +0000 2018,0.0,0.0,1.0,0.0,53
253,CNN,"@theashleygraham @Caitlyn_Jenner @CarmenYulinCruz @DVF To achieve gender equality, ""I want to convince everyone to‚Ä¶ https://t.co/ZvQCrwCizl",Thu Mar 08 17:28:28 +0000 2018,0.3182,0.202,0.798,0.0,54
254,CNN,"@theashleygraham @Caitlyn_Jenner @CarmenYulinCruz When you do a job application, you should not have to say your se‚Ä¶ https://t.co/OYJEl6gGdt",Thu Mar 08 17:26:08 +0000 2018,0.0,0.0,1.0,0.0,55
255,CNN,"@theashleygraham @Caitlyn_Jenner ""The one thing I would do to improve gender equality is to ensure that all of our‚Ä¶ https://t.co/H3dJOKwSNc",Thu Mar 08 17:24:39 +0000 2018,0.6705,0.244,0.756,0.0,56
256,CNN,@theashleygraham ‚ÄúWomen are brought up to kind of be a second-class citizen‚Äù says @Caitlyn_Jenner #IWD2018‚Ä¶ https://t.co/VlyKYFDRZ7,Thu Mar 08 17:23:50 +0000 2018,0.0,0.0,1.0,0.0,57
257,CNN,".@theashleygraham: ‚ÄúWe need to ensure that women see themselves portrayed in media, fashion, beauty and beyond.‚Äù‚Ä¶ https://t.co/NqM1Yvifbz",Thu Mar 08 17:21:46 +0000 2018,0.7506,0.299,0.701,0.0,58
258,CNN,"To celebrate #IWD2018, @CNN asked women around the world, ""What single thing would you change to improve gender equ‚Ä¶ https://t.co/aPUTYl3OAf",Thu Mar 08 17:17:13 +0000 2018,0.765,0.268,0.732,0.0,59
259,CNN,"Trump on outgoing chief economic adviser Gary Cohn: ‚ÄúHe‚Äôs been terrific. He may be a globalist, but I still like hi‚Ä¶ https://t.co/jTAhyf8gU3",Thu Mar 08 17:05:47 +0000 2018,0.7096,0.289,0.711,0.0,60
260,CNN,"With America facing a massive nursing shortage, some hospitals are offering five-figure signing bonuses, free housi‚Ä¶ https://t.co/qx9N6r3ugj",Thu Mar 08 16:50:01 +0000 2018,0.7096,0.315,0.594,0.091,61
261,CNN,The US ambassador to Mexico was not invited to a meeting between senior White House adviser Jared Kushner and Mexic‚Ä¶ https://t.co/r063UG1OyV,Thu Mar 08 16:35:00 +0000 2018,0.0,0.0,1.0,0.0,62
262,CNN,One person has been taken into police custody in connection with a shooting that killed one student and injured ano‚Ä¶ https://t.co/2ZMe9iO27I,Thu Mar 08 16:20:08 +0000 2018,-0.802,0.0,0.714,0.286,63
263,CNN,The long history of blaming video games for mass violence https://t.co/LHKHJUgqRx https://t.co/kWT3kF1vby,Thu Mar 08 16:10:11 +0000 2018,-0.8074,0.0,0.578,0.422,64
264,CNN,Meghan Markle has been baptized into the Church of England https://t.co/0HcgXUmkzm https://t.co/qoCSXwu3EZ,Thu Mar 08 15:59:06 +0000 2018,0.0,0.0,1.0,0.0,65
265,CNN,Why companies are embracing #InternationalWomensDay https://t.co/WuS6CWYUM5 https://t.co/grZlom9kVF,Thu Mar 08 15:42:36 +0000 2018,0.0,0.0,1.0,0.0,66
266,CNN,NASA spacecraft Juno has collected new data on its mission to Jupiter revealing some of the swirling inner mysterie‚Ä¶ https://t.co/kM6mhbbBrv,Thu Mar 08 15:29:32 +0000 2018,0.0,0.0,1.0,0.0,67
267,CNN,"""Somebody needs to stand up"" to California on immigration, Attorney General Jeff Sessions says‚Ä¶ https://t.co/IN63gV1NOo",Thu Mar 08 15:05:55 +0000 2018,0.0,0.0,1.0,0.0,68
268,CNN,"RT @CNNweather: As people recover from back to back nor'easters, some forecast models hint at another storm early next week. 

Keep up-to-d‚Ä¶",Thu Mar 08 14:57:50 +0000 2018,0.0,0.0,1.0,0.0,69
269,CNN,Hundreds of doctors in Quebec are protesting. They say they make too much. https://t.co/w2GHFWjU4m https://t.co/bN4Ea3Pvds,Thu Mar 08 14:51:24 +0000 2018,-0.4215,0.0,0.833,0.167,70
270,CNN,"""This is so manipulative."" That's how an anchor at a local TV station owned by Sinclair described the company's lat‚Ä¶ https://t.co/d888lpEz8q",Thu Mar 08 14:40:11 +0000 2018,0.0,0.0,1.0,0.0,71
271,CNN,McDonald's is celebrating #InternationalWomensDay by flipping its golden arches https://t.co/biYp1ZduyT https://t.co/oUoEjcizNf,Thu Mar 08 14:24:59 +0000 2018,0.5719,0.27,0.73,0.0,72
272,CNN,The Florida gun bill spurred by the Parkland school massacre is just one signature away from becoming law. Here's w‚Ä¶ https://t.co/A99vriRtoM,Thu Mar 08 14:09:43 +0000 2018,-0.34,0.0,0.893,0.107,73
273,CNN,President Trump is upset with White House press secretary Sarah Sanders over her responses Wednesday regarding his‚Ä¶ https://t.co/SPSg0Bhy30,Thu Mar 08 13:54:03 +0000 2018,-0.3818,0.0,0.867,0.133,74
274,CNN,"The cast of ""Modern Family"" voices support for ""common-sense gun laws"" putting support behind the students of Parkl‚Ä¶ https://t.co/irGz3U8pVj",Thu Mar 08 13:39:07 +0000 2018,0.4588,0.227,0.672,0.101,75
275,CNN,A White House taken by storm(y) | Analysis by @StCollinson https://t.co/LwbPnJtJuX https://t.co/JmvyB9DlGq,Thu Mar 08 13:15:09 +0000 2018,0.0,0.0,1.0,0.0,76
276,CNN,"Fred Guttenberg, whose daughter died in the Florida school shooting, rips new NRA ad: ""If this was put out by a ter‚Ä¶ https://t.co/mYfIHC8pOw",Thu Mar 08 13:07:38 +0000 2018,-0.5574,0.0,0.854,0.146,77
277,CNN,"The controversial statue that critics have deemed as ""San Francisco's monument to white supremacy"" is coming off it‚Ä¶ https://t.co/yKIpBEV3ja",Thu Mar 08 12:50:05 +0000 2018,-0.4215,0.057,0.755,0.189,78
278,CNN,'I never told anyone': 5 women's stories of sexual abuse at the Hajj #AsEquals https://t.co/29od5ZBFRv https://t.co/KvJSZCbKyg,Thu Mar 08 12:40:11 +0000 2018,-0.6369,0.0,0.769,0.231,79
279,CNN,"Tybre Faw traveled 7 hours to see his hero, Dem. Rep. John Lewis, who was in Selma, Alabama, to commemorate the 196‚Ä¶ https://t.co/IItXisEVsJ",Thu Mar 08 12:32:00 +0000 2018,0.5574,0.146,0.854,0.0,80
280,CNN,Some Democratic lawmakers fear arming school staff could harm black and Hispanic students https://t.co/5lbWNzwxQU https://t.co/Tr0YskSZBC,Thu Mar 08 12:30:07 +0000 2018,-0.7717,0.0,0.66,0.34,81
281,CNN,NASA spacecraft Juno has collected new data on its mission to Jupiter revealing some of the swirling inner mysterie‚Ä¶ https://t.co/EIUrtm3rwp,Thu Mar 08 12:21:26 +0000 2018,0.0,0.0,1.0,0.0,82
282,CNN,"""This is so manipulative."" That's how an anchor at a local TV station owned by Sinclair described the company's lat‚Ä¶ https://t.co/QaYLYApLVi",Thu Mar 08 12:10:11 +0000 2018,0.0,0.0,1.0,0.0,83
283,CNN,"5 things for Thursday:

- The White House
- Russia investigation
- Florida school shooting
- UK and Russia
- Aung S‚Ä¶ https://t.co/fe9IBVt8YY",Thu Mar 08 12:00:21 +0000 2018,0.0,0.0,1.0,0.0,84
284,CNN,Former Trump campaign manager Corey Lewandowski is scheduled to be interviewed by the House Intelligence Committee‚Ä¶ https://t.co/Ig19ZKtopE,Thu Mar 08 11:55:05 +0000 2018,0.4767,0.162,0.838,0.0,85
285,CNN,Why are (some) Democrats signing on to the Republican bank bill? | Analysis by @GregJKrieg https://t.co/bc6G38s4id https://t.co/GXV9znEwuY,Thu Mar 08 11:48:03 +0000 2018,0.0,0.0,1.0,0.0,86
286,CNN,What will it take for women to live #AsEquals with men? No country has achieved total gender parity yet - #AsEquals‚Ä¶ https://t.co/TCGXrQgcR9,Thu Mar 08 11:43:38 +0000 2018,-0.296,0.0,0.901,0.099,87
287,CNN,"President Trump says his promised tariffs on steel and aluminum imports -- 25% on steel, 10% on aluminum -- would b‚Ä¶ https://t.co/dwOqrHSA9t",Thu Mar 08 11:40:10 +0000 2018,0.3612,0.106,0.894,0.0,88
288,CNN,"President Trump asked his former chief of staff Reince Priebus if special counsel investigators had been ""nice"" dur‚Ä¶ https://t.co/YSupdUTrNx",Thu Mar 08 11:35:01 +0000 2018,0.4019,0.13,0.87,0.0,89
289,CNN,We spoke to nine women who said they found their illegal abortions via Facebook. None believed the procedure was sa‚Ä¶ https://t.co/2Yv14LJ7K3,Thu Mar 08 11:14:34 +0000 2018,-0.5574,0.0,0.847,0.153,90
290,CNN,Meghan Markle has been baptized into the Church of England https://t.co/MIzXBXNMmA https://t.co/8C42ORsRVq,Thu Mar 08 10:49:52 +0000 2018,0.0,0.0,1.0,0.0,91
291,CNN,"When Brisa de Angulo reported being raped by a family member at the age of 15, she faced intimidation and blame fro‚Ä¶ https://t.co/mM8iGnHwVy",Thu Mar 08 10:43:59 +0000 2018,-0.8689,0.0,0.66,0.34,92
292,CNN,"In Malawi, girls as young as 10 are expected to go to ""chinamwali"" -- a camp where they are taught how to sexually‚Ä¶ https://t.co/Ofvb97oTQe",Thu Mar 08 10:33:11 +0000 2018,0.0,0.0,1.0,0.0,93
293,CNN,The Taliban banned these women from being journalists. Now they run an all-female TV station:‚Ä¶ https://t.co/AAyw5jbWf9,Thu Mar 08 10:29:00 +0000 2018,-0.4588,0.0,0.833,0.167,94
294,CNN,She was told not to play the drums because she's a woman - now @kasingoma is in demand as a percussionist around th‚Ä¶ https://t.co/tKCXoEBUZm,Thu Mar 08 10:15:44 +0000 2018,-0.3687,0.0,0.843,0.157,95
295,CNN,"On #InternationalWomensDay, CNN wants to know what living #AsEquals means to you. Tell us by filling out this form:‚Ä¶ https://t.co/EbGAjhIJUB",Thu Mar 08 10:01:35 +0000 2018,0.0,0.0,1.0,0.0,96
296,CNN,Uber says it has started using self-driving trucks to haul freight in Arizona https://t.co/0POYBWXS5u https://t.co/2WyCPG2EDW,Thu Mar 08 09:01:07 +0000 2018,0.0,0.0,1.0,0.0,97
297,CNN,"The history of the ""ideal"" of female beauty and where that has left us https://t.co/PDiMEDwoq0‚Ä¶ https://t.co/UV7J4GlAEd",Thu Mar 08 08:44:04 +0000 2018,0.5859,0.202,0.798,0.0,98
298,CNN,The risk lurking in the US mortgage market https://t.co/PS9Qy9axGs https://t.co/u37unc7jWN,Thu Mar 08 08:33:13 +0000 2018,-0.3818,0.0,0.69,0.31,99
299,CNN,"These high-performance cars, which are priced in the millions, can't be legally driven on public roads‚Ä¶ https://t.co/G1b2XXtfXw",Thu Mar 08 08:31:04 +0000 2018,-0.0762,0.0,0.925,0.075,100
300,Fox News,".@SecretaryRoss on @realDonaldTrump keeping his campaign promises: ""Anybody who doubts the president's sense of con‚Ä¶ https://t.co/zm2zUBIDSC",Thu Mar 08 22:02:00 +0000 2018,0.1027,0.138,0.745,0.117,1
301,Fox News,"Lt. Gen. Jerry Boykin on North Korea: ""I do not believe that Kim is gonna give up his nuclear weapons. He and his f‚Ä¶ https://t.co/ebV97szyhN",Thu Mar 08 22:00:01 +0000 2018,-0.4404,0.0,0.892,0.108,2
302,Fox News,"RT @FOXTV: An explosive television event, ‚ÄúO.J. Simpson: The Lost Confession?‚Äù airs Sunday, March 11 at 8/7c on #Fox. https://t.co/wxDffDZU‚Ä¶",Thu Mar 08 21:55:06 +0000 2018,-0.3182,0.0,0.892,0.108,3
303,Fox News,".@SecretaryRoss on steel, aluminum tariffs: ""It's just the start of unleashing American industry from the unfair tr‚Ä¶ https://t.co/E9CZbuyEuT",Thu Mar 08 21:51:45 +0000 2018,-0.4767,0.0,0.846,0.154,4
304,Fox News,"Moments ago, President @realDonaldTrump signed an order that imposed tariffs on steel and aluminum imports from all‚Ä¶ https://t.co/K7suxdQG21",Thu Mar 08 21:48:39 +0000 2018,-0.0772,0.0,0.929,0.071,5
305,Fox News,"""I love my son more than anything in this world...but at the end of the day, I'm responsible for his choices in lif‚Ä¶ https://t.co/98ArYafPFM",Thu Mar 08 21:40:00 +0000 2018,0.7579,0.228,0.772,0.0,6
306,Fox News,Man arrested for calling 911 four times to complain about clam chowder https://t.co/SdzeLwYAXO,Thu Mar 08 21:35:00 +0000 2018,-0.6808,0.0,0.663,0.337,7
307,Fox News,OPINION: Our obsession with high scores is killing us -- Not everything that can be counted counts https://t.co/gn2TYS8MzX,Thu Mar 08 21:30:00 +0000 2018,-0.7783,0.0,0.702,0.298,8
308,Fox News,"Trump signs order imposing tariffs on all imports of steel, aluminum; exempts Mexico, Canada for now - via‚Ä¶ https://t.co/emcNvii3K4",Thu Mar 08 21:29:29 +0000 2018,-0.1027,0.0,0.924,0.076,9
309,Fox News,Wild @goodyear tires grow and breathe https://t.co/eCRV1X6rH8,Thu Mar 08 21:25:00 +0000 2018,0.0,0.0,1.0,0.0,10
310,Fox News,North Korea and Kim Jong Un: Meet the known key players in the regime https://t.co/3DgW5EDL13,Thu Mar 08 21:20:00 +0000 2018,0.0,0.0,1.0,0.0,11
311,Fox News,BREAKING: @POTUS signs order that imposes tariffs on steel and aluminum imports from all foreign countries.‚Ä¶ https://t.co/FH6PUQCypW,Thu Mar 08 21:17:13 +0000 2018,-0.1027,0.0,0.92,0.08,12
312,Fox News,The @Volkswagen Beetle will soon be squashed https://t.co/FSh8BCb7XN,Thu Mar 08 21:17:00 +0000 2018,0.0,0.0,1.0,0.0,13
313,Fox News,Stocks gain as trade war fears ease. @TeamCavuto https://t.co/3GtCbGLWTZ,Thu Mar 08 21:12:20 +0000 2018,-0.2023,0.335,0.284,0.381,14
314,Fox News,.@realDonaldTrump and the Russia investigation: What to know https://t.co/RfuNVtQP0p,Thu Mar 08 21:12:00 +0000 2018,0.0,0.0,1.0,0.0,15
315,Fox News,.@SebGorka Targets Tech Companies: How About Censoring Jihadis Instead of Conservatives? https://t.co/sh78a4Y5FV,Thu Mar 08 21:07:58 +0000 2018,0.0,0.0,1.0,0.0,16
316,Fox News,".@POTUS: ""American companies have not been treated fairly, and some American companies frankly have taken advantage‚Ä¶ https://t.co/vz0yTorQU9",Thu Mar 08 21:00:24 +0000 2018,0.0,0.0,1.0,0.0,17
317,Fox News,".@POTUS: ""I have a feeling we're going to make a deal on NAFTA...and if we do, there won't be any tariffs on Canada‚Ä¶ https://t.co/ls96n5KbzA",Thu Mar 08 20:57:38 +0000 2018,0.128,0.067,0.933,0.0,18
318,Fox News,".@POTUS: ""The workers who poured their souls into building this great nation were betrayed. But that betrayal is no‚Ä¶ https://t.co/lismfax3bN",Thu Mar 08 20:54:57 +0000 2018,-0.4451,0.164,0.573,0.263,19
319,Fox News,".@POTUS: ""The actions that were taken today were not a matter of choice, they're a matter of necessity for our secu‚Ä¶ https://t.co/xGb5ltgDhl",Thu Mar 08 20:52:25 +0000 2018,-0.0382,0.0,0.893,0.107,20
320,Fox News,".@POTUS: ""The American steel and aluminum industry has been ravaged by aggressive foreign trade practices. It's rea‚Ä¶ https://t.co/pmxIb5H4Gf",Thu Mar 08 20:50:22 +0000 2018,-0.1531,0.0,0.914,0.086,21
321,Fox News,President @realDonaldTrump celebrated #InternationalWomensDay by touting positive economic news for the women in Am‚Ä¶ https://t.co/jPjs5rJ8Tq,Thu Mar 08 20:50:00 +0000 2018,0.765,0.348,0.571,0.081,22
322,Fox News,".@POTUS: ""There's no tax if the product is made in the USA. You don't want to pay tax? Bring your plant to the USA."" https://t.co/VOBu0DA4vE",Thu Mar 08 20:48:53 +0000 2018,-0.2792,0.049,0.823,0.128,23
323,Fox News,".@POTUS: ""Today I'm defending America's national security by placing tariffs on foreign imports of steel and alumin‚Ä¶ https://t.co/SzIRDYkqjO",Thu Mar 08 20:47:27 +0000 2018,0.34,0.124,0.876,0.0,24
324,Fox News,".@POTUS: ""We have to protect and build our steel and aluminum industries, while at the same time showing great flex‚Ä¶ https://t.co/JQysN1NTci",Thu Mar 08 20:45:44 +0000 2018,0.7717,0.261,0.739,0.0,25
325,Fox News,".@POTUS: ""Steel is steel. If you don't have steel, you don't have a country."" https://t.co/xtX2zZPWx9",Thu Mar 08 20:44:06 +0000 2018,0.0,0.0,1.0,0.0,26
326,Fox News,".@POTUS: ""A strong steel and aluminum industry are vital to our national security."" https://t.co/PhoK2i3TxD",Thu Mar 08 20:43:48 +0000 2018,0.6705,0.314,0.686,0.0,27
327,Fox News,".@POTUS: ""I am honored to be here with our incredible steel and aluminum workers, and you are truly the backbone of‚Ä¶ https://t.co/2uaWFN00BO",Thu Mar 08 20:42:28 +0000 2018,0.7717,0.251,0.749,0.0,28
328,Fox News,".@SpeakerRyan on GA lawmakers nixing tax break for Delta amid NRA position: ""I do think in this entire debate on bo‚Ä¶ https://t.co/khJfLBwuoF",Thu Mar 08 20:39:41 +0000 2018,0.0,0.0,1.0,0.0,29
329,Fox News,"RT @FoxBusiness: Trump rolling out big trade tariffs, sparing Mexico, Canada https://t.co/sgslDxwmLg",Thu Mar 08 20:39:04 +0000 2018,0.0,0.0,1.0,0.0,30
330,Fox News,WATCH LIVE: @POTUS signs an order to impose tariffs on steel and aluminum imports. https://t.co/SCtUVTYNxk,Thu Mar 08 20:37:58 +0000 2018,-0.296,0.0,0.864,0.136,31
331,Fox News,RT @FoxBusiness: #BreakingNews: @POTUS to impose tariffs on steel and aluminum but is exempting Mexico and Canada for now. @BlakeBurman wit‚Ä¶,Thu Mar 08 20:37:02 +0000 2018,-0.1531,0.0,0.926,0.074,32
332,Fox News,".@DLoesch on @GovMalloyOffice likening @NRA to terrorists: ""Maybe making my kids get all their homework done makes‚Ä¶ https://t.co/K1DC5eMqBt",Thu Mar 08 20:33:33 +0000 2018,-0.6249,0.0,0.806,0.194,33
333,Fox News,Washington state school district arms teachers: 'It protects the kids' https://t.co/VmxZvLUEiT,Thu Mar 08 20:31:15 +0000 2018,0.3182,0.187,0.813,0.0,34
334,Fox News,SOON: @POTUS to sign off on steel and aluminum tariffs. @ShepNewsTeam https://t.co/AGd6Q5AOY6 https://t.co/WAE2wcQHpR,Thu Mar 08 20:26:24 +0000 2018,0.0,0.0,1.0,0.0,35
335,Fox News,"'Sopranos' prequel movie in the works from creator David Chase, report says https://t.co/xbhmriXtQZ",Thu Mar 08 20:19:59 +0000 2018,0.0,0.0,1.0,0.0,36
336,Fox News,Former Trump campaign chairman Paul Manafort pleads not guilty to charges @ShepNewsTeam https://t.co/NMt6pxu9DZ https://t.co/g7WArsJfJd,Thu Mar 08 20:17:11 +0000 2018,0.4847,0.257,0.743,0.0,37
337,Fox News,"Trump imposing tariffs on all steel, aluminum imports; exempts Mexico and Canada for now - via @brookefoxnews‚Ä¶ https://t.co/Z6p20jrdKw",Thu Mar 08 20:16:45 +0000 2018,-0.1027,0.0,0.92,0.08,38
338,Fox News,.@ICEgov Director Calls Out 'Political Game' by CA Dems: 'They Don't Want to Know the Facts' https://t.co/ZOf3stHY4H https://t.co/zvssKjsKHO,Thu Mar 08 20:16:17 +0000 2018,-0.0572,0.0,0.933,0.067,39
339,Fox News,Jon Favreau to write 'Star-Wars' live-action TV series https://t.co/1UJ8UKVSL7,Thu Mar 08 20:10:51 +0000 2018,0.0,0.0,1.0,0.0,40
340,Fox News,RT @FoxBusiness: U.S. steel imports: https://t.co/e3QBlQLoTB,Thu Mar 08 20:09:47 +0000 2018,0.0,0.0,1.0,0.0,41
341,Fox News,New Jersey driver killed after driving around barricade onto live wires https://t.co/uogp6Hkmhi,Thu Mar 08 20:07:29 +0000 2018,-0.6705,0.0,0.71,0.29,42
342,Fox News,"At a Cabinet meeting today, President @realDonaldTrump slammed Oakland Mayor @LibbySchaaf. https://t.co/zpLyEfEHFy https://t.co/Ifb7vbWX2G",Thu Mar 08 20:01:39 +0000 2018,0.0,0.0,1.0,0.0,43
343,Fox News,Virginia man to give away engagement ring to 'lucky couple' https://t.co/axK3nSYz8x,Thu Mar 08 19:58:47 +0000 2018,0.7003,0.392,0.608,0.0,44
344,Fox News,".@LeonHWolf on @POTUS' tariffs: ""Laying an across the board tariff is a bad idea...there are way, way more people w‚Ä¶ https://t.co/F2M7QyCqKs",Thu Mar 08 19:55:21 +0000 2018,-0.5423,0.0,0.844,0.156,45
345,Fox News,"Earlier today, @FLOTUS tweeted her celebration of #InternationalWomensDay. https://t.co/Y6vcQ2jGZ4 https://t.co/uDBIgK6Qz3",Thu Mar 08 19:49:40 +0000 2018,0.0,0.0,1.0,0.0,46
346,Fox News,WATCH: @realDonaldTrump's 'Madman Approach' to North Korea Gets Credit From Mainstream Media https://t.co/QFQgiUWa0L,Thu Mar 08 19:47:11 +0000 2018,0.3818,0.178,0.822,0.0,47
347,Fox News,"Mexican presidential hopeful campaigns in California, slams @realDonaldTrump and backs illegal immigrants https://t.co/BKYJ2Z5dzv",Thu Mar 08 19:42:03 +0000 2018,-0.128,0.182,0.552,0.265,48
348,Fox News,U.S. Congress job performance. https://t.co/gbyk9flzsW,Thu Mar 08 19:38:16 +0000 2018,0.0,0.0,1.0,0.0,49
349,Fox News,.@Stanford rejects College Republicans' proposed logo because it shows American flag https://t.co/e82rZbjZhE,Thu Mar 08 19:38:12 +0000 2018,-0.4939,0.0,0.775,0.225,50
350,Fox News,Professor on leave after telling Asian-American couple to 'go back to your home country' https://t.co/dHHwHH5lUl,Thu Mar 08 19:34:11 +0000 2018,-0.0516,0.0,0.921,0.079,51
351,Fox News,.@KristinBTate: Women of Trump Admin Would Be 'Worshipped' by Media If They Were Liberals #InternationalWomensDay https://t.co/Bg9m6Yraq4,Thu Mar 08 19:31:08 +0000 2018,0.0,0.0,1.0,0.0,52
352,Fox News,"Moments ago, California Sen. @KamalaHarris slammed President @realDonaldTrump and AG Jeff Sessions over immigration‚Ä¶ https://t.co/hw6OSsqfg5",Thu Mar 08 19:19:58 +0000 2018,0.0,0.0,1.0,0.0,53
353,Fox News,".@SpeakerRyan visits The Home Depot's Store Support Center in Atlanta, one of the companies that rewarded its hourl‚Ä¶ https://t.co/m2NUslwR1M",Thu Mar 08 19:15:39 +0000 2018,0.7096,0.258,0.742,0.0,54
354,Fox News,".@LaraLeaTrump: ""@JoeBiden has been living off #TheSwamp for five decades."" #OutnumberedOT https://t.co/FVVQ1QiT7o",Thu Mar 08 19:05:00 +0000 2018,0.0,0.0,1.0,0.0,55
355,Fox News,"Sgt. @Sean_C_Larkin: ‚ÄúI've been a police officer 21 years...the respect for police officers has changed, and it's s‚Ä¶ https://t.co/kOrv3R4R3l",Thu Mar 08 19:00:00 +0000 2018,0.4767,0.154,0.846,0.0,56
356,Fox News,Violent brawl delays Southwest Airlines flight after overhead bin fight https://t.co/Ak0o8YW0Uy,Thu Mar 08 18:57:46 +0000 2018,-0.7579,0.0,0.581,0.419,57
357,Fox News,".@LaraLeaTrump: ""The reality is women a lot of times I don't think are voicing their support for @POTUS because som‚Ä¶ https://t.co/xpgBd83nux",Thu Mar 08 18:50:27 +0000 2018,0.4019,0.13,0.87,0.0,58
358,Fox News,".@LaraLeaTrump: ""@JoeBiden has been living off #TheSwamp for five decades."" #OutnumberedOT https://t.co/xhOZZtZEn6",Thu Mar 08 18:47:12 +0000 2018,0.0,0.0,1.0,0.0,59
359,Fox News,".@HomeDepot pledges $50 million to train 20,000 skilled laborers, military veterans wanted https://t.co/7W5vGe6Ust",Thu Mar 08 18:44:01 +0000 2018,0.0,0.0,1.0,0.0,60
360,Fox News,Nimble dad delivers daughter in front seat of car and cuts umbilical cord with shoelace https://t.co/SCbku4I3Zq,Thu Mar 08 18:39:48 +0000 2018,-0.296,0.0,0.872,0.128,61
361,Fox News,JUST IN: UK officials say 21 people now being treated in ex-Russian spy poisoning https://t.co/jFV1ldJzGf,Thu Mar 08 18:32:14 +0000 2018,-0.5859,0.0,0.787,0.213,62
362,Fox News,"At a Cabinet meeting today, President @realDonaldTrump slammed Oakland Mayor @LibbySchaaf. https://t.co/zpLyEfn6gY https://t.co/H7vWy5vYLk",Thu Mar 08 18:30:00 +0000 2018,0.0,0.0,1.0,0.0,63
363,Fox News,"Trump's parting words to adviser Gary Cohn: 'He may be a globalist, but I still like him' - via @brookefoxnews 
https://t.co/23WrcB0yS4",Thu Mar 08 18:24:43 +0000 2018,0.5023,0.16,0.84,0.0,64
364,Fox News,"'Where Is Their Disavowal?': @kimguilfoyle Rips Group of House Dems for @LouisFarrakhan Connections
https://t.co/rnIybLHgoA",Thu Mar 08 18:23:39 +0000 2018,0.0,0.0,1.0,0.0,65
365,Fox News,".@seanspicer: ""This has nothing to do with [@PaulManafort's] actions stemming from the Trump campaign.""‚Ä¶ https://t.co/d5PTwwAnjU",Thu Mar 08 18:15:20 +0000 2018,0.0,0.0,1.0,0.0,66
366,Fox News,".@NASA releases 'unearthly' pictures of Jupiter, showing 9 massive cyclones with Category 5 hurricane wind speeds‚Ä¶ https://t.co/4zMbJ152uW",Thu Mar 08 18:15:00 +0000 2018,0.0,0.0,1.0,0.0,67
367,Fox News,Army sets sights on new sniper rifle https://t.co/8FOgpH1cAw,Thu Mar 08 18:11:40 +0000 2018,0.0,0.0,1.0,0.0,68
368,Fox News,Disney boss tells shareholders that ‚ÄòThe View‚Äô star Joy Behar apologized for anti-Christian remarks https://t.co/Q5Om2ALO57,Thu Mar 08 18:04:01 +0000 2018,0.7269,0.319,0.681,0.0,69
369,Fox News,#InternationalWomensDay sparks reactions from big name celebrities https://t.co/LO9Xw9wcXO,Thu Mar 08 18:02:11 +0000 2018,0.0,0.0,1.0,0.0,70
370,Fox News,.@washingtonpost calls out @DNC Chair @TomPerez over false claim that DNC hit fundraising records. https://t.co/eLjVTDLYUz,Thu Mar 08 17:55:00 +0000 2018,0.0,0.0,1.0,0.0,71
371,Fox News,".@POTUS: ""This is Gary Cohn's last meeting... He may be a globalist but I still like him."" https://t.co/Uh5SVUHsu8",Thu Mar 08 17:50:00 +0000 2018,0.5023,0.178,0.822,0.0,72
372,Fox News,MOMENTS AGO: Former @POTUS campaign chair @PaulManafort appears at U.S. district court for an arraignment hearing. https://t.co/j9y9vUBIr4,Thu Mar 08 17:45:00 +0000 2018,0.0,0.0,1.0,0.0,73
373,Fox News,".@POTUS: ""We're going to protect the American worker."" https://t.co/zLnXKFCO4t",Thu Mar 08 17:40:00 +0000 2018,0.3818,0.245,0.755,0.0,74
374,Fox News,"Ex-@FoodNetwork star says @POTUS scares immigrants, shrinking the workforce - via @FoxBusiness https://t.co/9X36Vq3xpe",Thu Mar 08 17:32:17 +0000 2018,-0.34,0.0,0.821,0.179,75
375,Fox News,Dreamers to Democrats: We're tired of your lies https://t.co/0gdvZlQpio,Thu Mar 08 17:24:43 +0000 2018,-0.6908,0.0,0.551,0.449,76
376,Fox News,"Moments ago, President @realDonaldTrump celebrated #InternationalWomensDay by touting positive economic news for th‚Ä¶ https://t.co/zn4nRtFZlZ",Thu Mar 08 17:12:17 +0000 2018,0.765,0.365,0.55,0.085,77
377,Fox News,".@POTUS: ""@NASA's making tremendous strides and we're using a lot of private money."" https://t.co/Qq2xeLAcXI",Thu Mar 08 17:03:15 +0000 2018,0.0,0.0,1.0,0.0,78
378,Fox News,".@POTUS: ""This is Gary Cohn's last meeting... He may be a globalist but I still like him."" https://t.co/AZO4dYLacX",Thu Mar 08 17:01:48 +0000 2018,0.5023,0.178,0.822,0.0,79
379,Fox News,".@POTUS: ""What the mayor of Oakland did the other day was a disgrace."" https://t.co/d40THxgiYl",Thu Mar 08 17:00:15 +0000 2018,0.0,0.0,1.0,0.0,80
380,Fox News,".@POTUS: ""You want the money, you can't have sanctuary cities."" https://t.co/laEJX04LNc",Thu Mar 08 16:59:56 +0000 2018,0.0772,0.115,0.885,0.0,81
381,Fox News,"RT @FoxBusiness: .@POTUS: ""Bump stocks"" are going to be gone. https://t.co/4sW7sepiYO",Thu Mar 08 16:59:33 +0000 2018,0.0,0.0,1.0,0.0,82
382,Fox News,".@POTUS: ""We're working to harden our schools and to make them less vulnerable to attack."" https://t.co/hP8NEsqmYf",Thu Mar 08 16:58:28 +0000 2018,-0.1548,0.0,0.903,0.097,83
383,Fox News,".@POTUS: ""The unemployment rate for women in our workforce is at an 18-year low."" #InternationalWomensDay https://t.co/nMQQi2MQ05",Thu Mar 08 16:57:03 +0000 2018,-0.4404,0.0,0.838,0.162,84
384,Fox News,".@POTUS: ""Today is #InternationalWomensDay and we're proud in all of the measures we've taken economically to empow‚Ä¶ https://t.co/JOW2fXCQmH",Thu Mar 08 16:56:28 +0000 2018,0.4767,0.154,0.846,0.0,85
385,Fox News,".@POTUS: ""We're going to protect the American worker."" https://t.co/D0sJdWnsW4",Thu Mar 08 16:55:52 +0000 2018,0.3818,0.245,0.755,0.0,86
386,Fox News,".@POTUS: ""We've created almost 3 million new jobs since the election."" https://t.co/A3LhA89pXm",Thu Mar 08 16:55:01 +0000 2018,0.25,0.167,0.833,0.0,87
387,Fox News,"Chicago bus crash caught in crazy surveillance video, 6 injured https://t.co/ARxzY5LMul",Thu Mar 08 16:55:00 +0000 2018,-0.7783,0.0,0.473,0.527,88
388,Fox News,".@POTUS: ""Our very massive tax cuts are continuing to show tremendous results. 90% of American workers are already‚Ä¶ https://t.co/A4vho31zx8",Thu Mar 08 16:54:36 +0000 2018,-0.3535,0.0,0.88,0.12,89
389,Fox News,New York Times issues embarrassing correction after botching story attacking Trump‚Äôs tax plan https://t.co/1EqiEwoPsR,Thu Mar 08 16:49:22 +0000 2018,-0.6808,0.0,0.682,0.318,90
390,Fox News,.@Oprah's ultra-PC #WrinkleinTime stung with bad reviews as ‚Äòcringeworthy‚Äô $100 million dollar @Disney movie could‚Ä¶ https://t.co/gad9Z1bbgI,Thu Mar 08 16:39:59 +0000 2018,-0.5423,0.0,0.811,0.189,91
391,Fox News,"Israeli Prime Minister @Netanyahu attends the opening of a special exhibit at the @UN celebrating 3,000 years of Je‚Ä¶ https://t.co/0knlzJjJHX",Thu Mar 08 16:34:28 +0000 2018,0.7506,0.274,0.726,0.0,92
392,Fox News,"53-year-old man allegedly stabs deputy, hurts another in California https://t.co/YJlcB4Z4w3 #FoxNewsUS",Thu Mar 08 16:33:33 +0000 2018,-0.7184,0.0,0.6,0.4,93
393,Fox News,Army sets sights on new sniper rifle https://t.co/8FOgpH1cAw,Thu Mar 08 16:28:51 +0000 2018,0.0,0.0,1.0,0.0,94
394,Fox News,"Earlier today, @FLOTUS tweeted her celebration of #InternationalWomensDay. https://t.co/Y6vcQ2BinE https://t.co/TZUJXaFz79",Thu Mar 08 16:20:25 +0000 2018,0.0,0.0,1.0,0.0,95
395,Fox News,"U.S., South Korean intelligence probe reports of Kim Jong Un health woes - via @HollieSMcKay https://t.co/SX4N99MNIF",Thu Mar 08 16:13:57 +0000 2018,0.0516,0.163,0.684,0.153,96
396,Fox News,.@NancyPelosi holds a news conference https://t.co/lcckGfWyQR,Thu Mar 08 16:02:33 +0000 2018,0.0,0.0,1.0,0.0,97
397,Fox News,"RT @FoxBusiness: .@Varneyco: ""This president unleashed American capitalism. That's what was so worrying to the left... Capitalism is delive‚Ä¶",Thu Mar 08 15:56:33 +0000 2018,-0.4795,0.0,0.852,0.148,98
398,Fox News,"RT @FoxBusiness: .@JerryBrownGov on DOJ lawsuit against California: ""This lawsuit is going to last a lot longer than the Trump administrati‚Ä¶",Thu Mar 08 15:56:29 +0000 2018,-0.4215,0.0,0.826,0.174,99
399,Fox News,"RT @FoxBusiness: Random, terrifying laughter from Amazon's Alexa creeps out its users https://t.co/SfFNXR9duf https://t.co/cMaAqhp5WT",Thu Mar 08 15:56:26 +0000 2018,-0.128,0.169,0.635,0.196,100
400,The New York Times,"‚ÄúI am a pawn caught between the federal and state governments, like a child between 2 fighting parents. Each is thr‚Ä¶ https://t.co/iJYsW8BVXs",Thu Mar 08 22:05:05 +0000 2018,0.0,0.114,0.773,0.114,1
401,The New York Times,"‚ÄúIt‚Äôs more than just racist,‚Äù one activist said. ‚ÄúIt celebrates human subjugation.‚Äù https://t.co/eHZNoiKExV",Thu Mar 08 21:55:07 +0000 2018,0.5719,0.236,0.764,0.0,2
402,The New York Times,Unsubscribing from IRL junk mail is almost as easy as unsubscribing from email spam https://t.co/x9AHYuxw63,Thu Mar 08 21:45:08 +0000 2018,0.0314,0.145,0.717,0.138,3
403,The New York Times,One NYT reader's reaction to a group of U.S. allies signing a broad trade deal that was originally conceived by the‚Ä¶ https://t.co/vuaOELJ0Nw,Thu Mar 08 21:35:08 +0000 2018,0.0,0.0,1.0,0.0,4
404,The New York Times,"RT @DanBilefsky: Here is how my Quebec road trip is shaping up as Canadians share tips, infused with a love of la Belle province -  https:/‚Ä¶",Thu Mar 08 21:30:26 +0000 2018,0.7506,0.225,0.775,0.0,5
405,The New York Times,"With no collective bargaining rights, no contract and no legal right to strike, West Virginia teachers managed to m‚Ä¶ https://t.co/ZGt0V3TPy9",Thu Mar 08 21:25:07 +0000 2018,-0.6808,0.061,0.61,0.329,6
406,The New York Times,"RT @rickgladstone: Some women, impatient over the fight for equality and glacial pace of change, found large and small ways to protest ‚Äî wi‚Ä¶",Thu Mar 08 21:15:13 +0000 2018,-0.7003,0.0,0.746,0.254,7
407,The New York Times,Deceptively simple to make and the payoff is just sublime https://t.co/q3LkEi3CGq,Thu Mar 08 21:05:03 +0000 2018,0.0,0.0,1.0,0.0,8
408,The New York Times,"Breaking News: President Trump signed orders authorizing tariffs on steel and aluminum, sparing Canada and Mexico a‚Ä¶ https://t.co/caCAWB3EJc",Thu Mar 08 21:02:29 +0000 2018,0.0,0.0,1.0,0.0,9
409,The New York Times,"RT @EricNagourney: BREAKING. Charlotte Bront√´, woman who gave the world ‚ÄòJane Eyre,‚Äô has died. In, um, 1855. The NYT's @susandominus and it‚Ä¶",Thu Mar 08 20:55:04 +0000 2018,-0.5574,0.0,0.854,0.146,10
410,The New York Times,"In Opinion

Op-Ed contributors John McCain and Angelina Jolie write, ""Around the world, there is profound concern t‚Ä¶ https://t.co/INrpy9G6vp",Thu Mar 08 20:45:14 +0000 2018,0.0,0.0,1.0,0.0,11
411,The New York Times,RT @amyfiscus: Here are the Facebook messages that a low-level Trump campaign aide in Florida unwittingly sent to Russian trolls https://t.‚Ä¶,Thu Mar 08 20:44:41 +0000 2018,0.0,0.0,1.0,0.0,12
412,The New York Times,"A revamped TPP has been signed by Canada, Japan and 9 other nations. The U.S. had backed out of the sweeping trade‚Ä¶ https://t.co/dlo4ZiiHTA",Thu Mar 08 20:35:09 +0000 2018,0.0258,0.052,0.948,0.0,13
413,The New York Times,From everyone cares and everything matters to no one cares and nothing matters. Here are 25 songs that tell us wher‚Ä¶ https://t.co/WrWO20bfRl,Thu Mar 08 20:25:09 +0000 2018,0.6124,0.299,0.62,0.08,14
414,The New York Times,"RT @peterbakernyt: As aides head for the doors in record numbers, Trump increasingly relies on his own judgment, in effect operating a pres‚Ä¶",Thu Mar 08 20:15:14 +0000 2018,0.0,0.0,1.0,0.0,15
415,The New York Times,"‚ÄúIt‚Äôs sort of disheartening at first to realize how much we humans are responsible,"" one MIT researcher said of fal‚Ä¶ https://t.co/Is8MHKlM3C",Thu Mar 08 20:05:07 +0000 2018,-0.4754,0.0,0.866,0.134,16
416,The New York Times,"In this commercial, see how The New York Times shines a light on women‚Äôs rights around the world‚Ä¶ https://t.co/IYXFimC3RY",Thu Mar 08 20:02:56 +0000 2018,0.0,0.0,1.0,0.0,17
417,The New York Times,"The sickle cell mutation arose 7,300 years ago in just one person in West Africa, scientists say. Its purpose: a sh‚Ä¶ https://t.co/uvwLqD4yiI",Thu Mar 08 19:55:06 +0000 2018,0.0,0.0,1.0,0.0,18
418,The New York Times,"Despite ominous rumblings, a trade war is not inevitable. Here's why. https://t.co/VTWS84K9GR",Thu Mar 08 19:45:06 +0000 2018,-0.743,0.0,0.588,0.412,19
419,The New York Times,RT @TomJolly: A unique @nytimes special section coming Sunday devoted to  remarkable women who were overlooked in our obituaries - until no‚Ä¶,Thu Mar 08 19:35:03 +0000 2018,0.836,0.345,0.613,0.042,20
420,The New York Times,"Michael B. Jordan says his company will adopt inclusion riders, the diversity effort championed by Frances McDorman‚Ä¶ https://t.co/TWUvNJcIqX",Thu Mar 08 19:25:06 +0000 2018,0.4404,0.196,0.804,0.0,21
421,The New York Times,RT @nytvideo: Today is International Women's Day. These are our best videos about women around the world: https://t.co/qcOdXNPcrh,Thu Mar 08 19:15:11 +0000 2018,0.6369,0.198,0.802,0.0,22
422,The New York Times,"Here‚Äôs how @bxchen rated the Galaxy S9‚Äôs new features, using a series of AR Emoji https://t.co/UtoqDZpYSt https://t.co/Td3HZnYFsh",Thu Mar 08 19:05:51 +0000 2018,0.0,0.0,1.0,0.0,23
423,The New York Times,"Peter Thiel, Silicon Valley‚Äôs iconoclast, argues that the anger being turned on Facebook is less about Russia and m‚Ä¶ https://t.co/M001mevhc5",Thu Mar 08 18:55:07 +0000 2018,-0.743,0.0,0.741,0.259,24
424,The New York Times,RT @MaggieAstor: The Florida legislature passed its first gun control bill in years. Here's what's in it. https://t.co/NA0srjqxYA,Thu Mar 08 18:45:07 +0000 2018,-0.34,0.0,0.876,0.124,25
425,The New York Times,"Adam Rippon: ""I kind of have a feeling that I‚Äôve used the Olympics to get myself to meet the world"" https://t.co/jycpwaju5R",Thu Mar 08 18:35:08 +0000 2018,0.128,0.073,0.927,0.0,26
426,The New York Times,Cigna struck a big deal for Express Scripts. Here's what it reveals about health care. https://t.co/fm175MQ0TQ,Thu Mar 08 18:25:03 +0000 2018,0.296,0.176,0.714,0.11,27
427,The New York Times,"RT @nytopinion: The next Standing Rock may be in Oregon, where the Klamath Tribes have joined with other Native American tribes to oppose a‚Ä¶",Thu Mar 08 18:15:07 +0000 2018,0.0,0.0,1.0,0.0,28
428,The New York Times,"President Trump said he might spare close allies such as Canada, Mexico and Australia from the stiff new tariffs he‚Ä¶ https://t.co/J4W0zK6fau",Thu Mar 08 18:05:03 +0000 2018,0.0,0.0,1.0,0.0,29
429,The New York Times,RT @ckoettl: 1/8 Here‚Äôs how we used satellite images &amp; geographic data to find burned villages in the Democratic Republic of Congo. We comb‚Ä¶,Thu Mar 08 17:54:03 +0000 2018,0.0,0.0,1.0,0.0,30
430,The New York Times,President Trump said violent video games and movies may play a role in school shootings ‚Äî a claim that has been rej‚Ä¶ https://t.co/Oic9z5FW93,Thu Mar 08 17:45:08 +0000 2018,-0.3612,0.099,0.741,0.16,31
431,The New York Times,Clocks spring forward this weekend. Florida never wants them to fall back. https://t.co/tWqLL2Qooe,Thu Mar 08 17:35:07 +0000 2018,0.0,0.0,1.0,0.0,32
432,The New York Times,"Henrietta Lacks 1920-1951

Cancer cells were taken from her body without permission. They led to a medical revoluti‚Ä¶ https://t.co/ahGsObOCRA",Thu Mar 08 17:27:00 +0000 2018,-0.6597,0.0,0.794,0.206,33
433,The New York Times,"Qiu Jin 1875-1907

With her passion for wine and bomb making, Qiu Jin was unlike most women born in late 19th-centu‚Ä¶ https://t.co/BkarOc1r1g",Thu Mar 08 17:23:00 +0000 2018,-0.0516,0.115,0.763,0.122,34
434,The New York Times,"Sylvia Plath 1932-1963

‚ÄúOut of the ash
I rise with my red hair
And I eat men like air.‚Äù https://t.co/2BZvaJLlKW",Thu Mar 08 17:19:00 +0000 2018,0.3612,0.128,0.872,0.0,35
435,The New York Times,"We are committed to doing better. We‚Äôll be adding to this collection each week, as Overlooked becomes a regular fea‚Ä¶ https://t.co/iRt1DJFcm4",Thu Mar 08 17:15:01 +0000 2018,0.5994,0.216,0.736,0.048,36
436,The New York Times,"Historically, distant conflicts have been difficult to analyze. But new technologies allow us to investigate them i‚Ä¶ https://t.co/KQLgXtpJmj",Thu Mar 08 17:12:35 +0000 2018,-0.4939,0.086,0.682,0.232,37
437,The New York Times,"We used NASA data, satellite imagery and video forensics to investigate a recent flare-up of violence in the Democr‚Ä¶ https://t.co/kb4GS4GERK",Thu Mar 08 17:05:08 +0000 2018,-0.6249,0.0,0.814,0.186,38
438,The New York Times,"If you‚Äôre worried about the stock market, find someone to give you a hug. Let us explain. https://t.co/4fY0CMPQbY",Thu Mar 08 16:55:10 +0000 2018,0.2263,0.153,0.739,0.108,39
439,The New York Times,RT @SarahMaslinNir: Yeah the subways are bad. Have you tried riding the bus?  My story on what‚Äôs gone wrong as the city buses lose record r‚Ä¶,Thu Mar 08 16:45:17 +0000 2018,-0.7964,0.066,0.657,0.278,40
440,The New York Times,"""In my career, and I‚Äôve been doing this since I was 14, I‚Äôve never seen anything like this. So many more young peop‚Ä¶ https://t.co/jJf19q2wln",Thu Mar 08 16:30:17 +0000 2018,-0.2755,0.0,0.912,0.088,41
441,The New York Times,"RT @nytopinion: Trump's hires include people who confess to crimes, who are secretly operating as foreign agents, who allegedly beat their‚Ä¶",Thu Mar 08 16:15:16 +0000 2018,0.0,0.0,1.0,0.0,42
442,The New York Times,An ex-Russian spy and his daughter are in critical but stable condition after being poisoned by a nerve agent in En‚Ä¶ https://t.co/gUX0Uxm4YT,Thu Mar 08 16:08:07 +0000 2018,-0.4854,0.105,0.673,0.222,43
443,The New York Times,How to spend 36 hours in Auckland https://t.co/iMTInGZYN8,Thu Mar 08 16:00:22 +0000 2018,0.0,0.0,1.0,0.0,44
444,The New York Times,RT @nytpolitics: Robert Mueller has learned of two conversations in recent months in which President Trump asked key witnesses about matter‚Ä¶,Thu Mar 08 15:46:03 +0000 2018,0.0,0.0,1.0,0.0,45
445,The New York Times,"""I collected active-fire data from NASA ‚Äî thermal anomalies, or hot spots, that are recorded daily. It showed dozen‚Ä¶ https://t.co/86kdZT9vJt",Thu Mar 08 15:30:04 +0000 2018,0.0,0.0,1.0,0.0,46
446,The New York Times,The Republican-controlled House plans to vote next week on legislation to beef up security at the nation's schools https://t.co/KspRcraIP6,Thu Mar 08 15:16:03 +0000 2018,0.34,0.118,0.882,0.0,47
447,The New York Times,"@NatalieOrnell This is just a start. We‚Äôll be adding to this collection each week, as Overlooked becomes a regular‚Ä¶ https://t.co/wIgq14YgOD",Thu Mar 08 15:04:52 +0000 2018,-0.0258,0.0,0.939,0.061,48
448,The New York Times,Morning¬†Briefing: Here's what you need to know to start your day https://t.co/LplSWO0gCH https://t.co/eGXYbEWLYF,Thu Mar 08 15:00:37 +0000 2018,0.0,0.0,1.0,0.0,49
449,The New York Times,RT @nytgraphics: Airports and cities around the Bay Area could be submerged in 80 years https://t.co/4WHKg5C4a2,Thu Mar 08 14:43:05 +0000 2018,0.0,0.0,1.0,0.0,50
450,The New York Times,"Florida gun bill: What's in it, and what isn't https://t.co/WP3uMOood0",Thu Mar 08 14:29:03 +0000 2018,-0.34,0.0,0.789,0.211,51
451,The New York Times,The video shows a black man being Tasered and beaten during a confrontation with 2 white police officers who accuse‚Ä¶ https://t.co/cj4LG0F1U1,Thu Mar 08 14:21:12 +0000 2018,-0.6249,0.0,0.758,0.242,52
452,The New York Times,"Feminist groups in Spain asked women to spend no money and to ignore chores for the day to go on a ""domestic"" strike https://t.co/Xq1ooSX9sg",Thu Mar 08 14:11:04 +0000 2018,-0.6369,0.0,0.763,0.237,53
453,The New York Times,China pledged to hit back at the United States if it sets off a trade war https://t.co/3UuDGD2gjF,Thu Mar 08 14:00:29 +0000 2018,-0.2732,0.135,0.676,0.188,54
454,The New York Times,"New York City‚Äôs failing subways get a lot of attention. But its buses, which serve a more vulnerable population, ar‚Ä¶ https://t.co/RhKDwRqBHN",Thu Mar 08 13:44:04 +0000 2018,-0.6697,0.0,0.756,0.244,55
455,The New York Times,Stormy Daniels was the topic du jour of late night comedy on Wednesday. A roundup: https://t.co/mg7cidxv1k,Thu Mar 08 13:31:04 +0000 2018,0.3612,0.152,0.848,0.0,56
456,The New York Times,President Trump dined at the ornate home of a prominent Washington lawyer with wealthy donors who are expected to p‚Ä¶ https://t.co/Hs5DJf5S71,Thu Mar 08 13:20:02 +0000 2018,0.5859,0.211,0.789,0.0,57
457,The New York Times,"Ida B. Wells 1862-1931

‚ÄúSomebody must show that the Afro-American race is more sinned against than sinning, and it‚Ä¶ https://t.co/iu4vU15aBD",Thu Mar 08 13:08:00 +0000 2018,0.25,0.095,0.905,0.0,58
458,The New York Times,"Madhubala 1933-1969

Madhubala was barely 16 when she became a Bollywood superstar. And she was uninhibited for an‚Ä¶ https://t.co/rjxSx8Tg5o",Thu Mar 08 13:04:00 +0000 2018,0.0,0.0,1.0,0.0,59
459,The New York Times,"Since 1851, obituaries in The New York Times have been dominated by white men. Now, we're adding the stories of 15‚Ä¶ https://t.co/DUv6REyUMJ",Thu Mar 08 13:00:06 +0000 2018,0.0,0.0,1.0,0.0,60
460,The New York Times,Morning¬†Briefing: Here's what you need to know to start your day https://t.co/PfZAmKU0Kz https://t.co/CBURYaUUF6,Thu Mar 08 12:49:07 +0000 2018,0.0,0.0,1.0,0.0,61
461,The New York Times,"In Opinion

Op-Ed contributor Sylvie Kauffmann writes, ""Senior European officials admit that however good their coo‚Ä¶ https://t.co/6mZLKkVzmj",Thu Mar 08 12:41:05 +0000 2018,0.5719,0.239,0.761,0.0,62
462,The New York Times,"In two months, the United States plans to open a new embassy to fulfill Trump's recognition of Jerusalem as Israel'‚Ä¶ https://t.co/UJkEf0Xo3b",Thu Mar 08 12:30:16 +0000 2018,0.6908,0.241,0.759,0.0,63
463,The New York Times,"The United States has moved to allow hunters to import big-game trophies, including elephant tusks and lion hides,‚Ä¶ https://t.co/LmyVoENHLl",Thu Mar 08 12:19:04 +0000 2018,0.5719,0.217,0.783,0.0,64
464,The New York Times,"President Trump is set to formalize tariffs on steel and aluminum imports, over the objections of more than 100 Rep‚Ä¶ https://t.co/OiqBm3vxbD",Thu Mar 08 12:11:04 +0000 2018,0.0,0.0,1.0,0.0,65
465,The New York Times,The video shows a black man being Tasered and beaten during a confrontation with 2 white police officers who accuse‚Ä¶ https://t.co/BBaYD3JbnV,Thu Mar 08 11:59:06 +0000 2018,-0.6249,0.0,0.758,0.242,66
466,The New York Times,@ChuBailiang Even those who thought that they had taken the full measure of Xi Jinping's ambition are surprised by‚Ä¶ https://t.co/Mlz3e1e8wp,Thu Mar 08 11:50:00 +0000 2018,0.2263,0.091,0.909,0.0,67
467,The New York Times,"A group of 11 nations ‚Äî including major U.S. allies like Japan, Canada and Australia ‚Äî is set to sign a broad trade‚Ä¶ https://t.co/kbxPa3e9X6",Thu Mar 08 11:45:04 +0000 2018,0.3612,0.116,0.884,0.0,68
468,The New York Times,Morning¬†Briefing: Here's what you need to know to start your day https://t.co/uA0TR0tqy9 https://t.co/07nGM9rwNh,Thu Mar 08 11:30:27 +0000 2018,0.0,0.0,1.0,0.0,69
469,The New York Times,Even those who thought that they had taken the full measure of Xi Jinpin's ambition are surprised by how fast he ha‚Ä¶ https://t.co/R2YpFopJoY,Thu Mar 08 11:15:06 +0000 2018,0.2263,0.079,0.921,0.0,70
470,The New York Times,These extraordinary women ‚Äî and so many others ‚Äî did not have obituaries in The New York Times. Until now. https://t.co/wXBoqxi2TZ,Thu Mar 08 11:00:04 +0000 2018,0.0,0.0,1.0,0.0,71
471,The New York Times,"Peter Madsen, who is said to have killed and dismembered journalist Kim Wall, goes on trial in Denmark https://t.co/Fp3E6IYchG",Thu Mar 08 10:47:06 +0000 2018,-0.6705,0.0,0.8,0.2,72
472,The New York Times,"RT @RorySmith: What struck me most about Juventus last night was that, in those last 15 minutes, Chiellini and Barzagli were definitely hav‚Ä¶",Thu Mar 08 10:30:10 +0000 2018,0.1779,0.105,0.817,0.078,73
473,The New York Times,"""The E.U. is concerned that behind it all, there are people in the U.S. administration that don't care that there m‚Ä¶ https://t.co/dPxO0566Sx",Thu Mar 08 10:16:04 +0000 2018,-0.3875,0.0,0.889,0.111,74
474,The New York Times,How to cut down on unwanted junk mail https://t.co/K4kUYQGmvK,Thu Mar 08 09:59:08 +0000 2018,-0.4588,0.0,0.636,0.364,75
475,The New York Times,"Trump asked his former chief of staff, Reince Priebus, how his interview had gone with the special counsel‚Äôs invest‚Ä¶ https://t.co/Exmmktzf6F",Thu Mar 08 09:45:11 +0000 2018,0.4019,0.124,0.876,0.0,76
476,The New York Times,"""This is being treated as a major incident involving attempted murder by administration of a nerve agent,"" said Bri‚Ä¶ https://t.co/8nQVbAgnMb",Thu Mar 08 09:30:09 +0000 2018,-0.6908,0.0,0.783,0.217,77
477,The New York Times,"The cells that eat, regurgitate and then re-eat your tattoos https://t.co/PUQV5Nd1IV",Thu Mar 08 09:14:08 +0000 2018,0.0,0.0,1.0,0.0,78
478,The New York Times,"President Trump asked key witnesses in the Russia inquiry about matters they discussed with the special counsel, ig‚Ä¶ https://t.co/3Q0HLS2ni3",Thu Mar 08 09:02:02 +0000 2018,0.4215,0.183,0.817,0.0,79
479,The New York Times,The excavation of Rome‚Äôs newest subway line has been the gift that keeps on giving for archaeologists https://t.co/pFdiUHTYKC,Thu Mar 08 08:47:01 +0000 2018,0.6486,0.249,0.751,0.0,80
480,The New York Times,"The U.S. will allow hunters to import big-game trophies, including elephant tusks and lion hides, acquired in certa‚Ä¶ https://t.co/4NaALCmuNw",Thu Mar 08 08:32:07 +0000 2018,0.0516,0.092,0.825,0.083,81
481,The New York Times,RT @nytimesworld: ‚ÄúWill she also call on the crown prince to halt the shocking abuse of human rights in Saudi Arabia?‚Äù -- Jeremy Corbyn on‚Ä¶,Thu Mar 08 08:17:06 +0000 2018,-0.7845,0.0,0.769,0.231,82
482,The New York Times,Millions of women and children work as sex slaves in India. Meet the woman who has put her life at risk to rescue 2‚Ä¶ https://t.co/FIEVspBiww,Thu Mar 08 08:02:07 +0000 2018,0.296,0.116,0.81,0.074,83
483,The New York Times,"Listen, There‚Äôs a Smorgasbord of Great Carpets Out There https://t.co/Y9N95RI94Q",Thu Mar 08 07:58:15 +0000 2018,0.6249,0.339,0.661,0.0,84
484,The New York Times,"RT @nytopinion: Trump could hammer out a bipartisan deal for universal background checks, writes @NickKristof, but he's too afraid of the N‚Ä¶",Thu Mar 08 07:32:05 +0000 2018,0.0,0.0,1.0,0.0,85
485,The New York Times,"Serve it straight out of the oven, when it's at its puffiest https://t.co/XWvCigl1HA",Thu Mar 08 07:01:35 +0000 2018,0.2263,0.137,0.863,0.0,86
486,The New York Times,Contributing Op-Ed Writer: Why Europe Is Giving Up on Trump‚Äôs America https://t.co/2umlXtmadJ,Thu Mar 08 06:45:12 +0000 2018,0.34,0.179,0.821,0.0,87
487,The New York Times,RT @nytimesworld: ‚ÄúWe had hoped that you ‚Äî as someone we and many others have celebrated for your commitment to human dignity and universal‚Ä¶,Thu Mar 08 06:43:05 +0000 2018,0.891,0.379,0.621,0.0,88
488,The New York Times,"‚ÄúI get a lot of ‚ÄòI feel sorry for your baby.‚Äô Or, ‚ÄòDon‚Äôt you need to be at home with your baby?‚Äô Or, ‚ÄòA mother not‚Ä¶ https://t.co/ra1r4o25Ac",Thu Mar 08 06:25:08 +0000 2018,-0.0772,0.0,0.951,0.049,89
489,The New York Times,"RT @katierogers: No regrets on the TV marathon, but: ‚ÄúI thought it was a teachable moment, that Americans can understand what this process‚Ä¶",Thu Mar 08 06:02:03 +0000 2018,-0.3291,0.0,0.857,0.143,90
490,The New York Times,It is believed to be the oldest known message in a bottle ever recovered https://t.co/V3Oj3LFgAq,Thu Mar 08 05:41:03 +0000 2018,0.0,0.0,1.0,0.0,91
491,The New York Times,More than 100 Republican lawmakers implored President Trump to drop plans for stiff and sweeping steel and aluminum‚Ä¶ https://t.co/mPdlD6h218,Thu Mar 08 05:21:02 +0000 2018,-0.2732,0.0,0.896,0.104,92
492,The New York Times,Italy‚Äôs Populist Surge May Delay End to Eurozone Stimulus https://t.co/XqALTkPuDu,Thu Mar 08 05:05:02 +0000 2018,-0.3182,0.0,0.796,0.204,93
493,The New York Times,President Trump's lawyer secretly obtained a restraining order last week to keep the porn star Stormy Daniels quiet‚Ä¶ https://t.co/5Hz6RJu0NB,Thu Mar 08 05:02:02 +0000 2018,0.0,0.0,1.0,0.0,94
494,The New York Times,"RT @nytopinion: Mass incarceration is inextricably linked to mass undereducation in America. Yale, Princeton, Cornell, Georgetown, Wesleyan‚Ä¶",Thu Mar 08 04:47:04 +0000 2018,0.0,0.0,1.0,0.0,95
495,The New York Times,The ground around San Francisco Bay is sinking to meet the rising sea https://t.co/3xqicxssMY,Thu Mar 08 04:32:02 +0000 2018,0.0,0.0,1.0,0.0,96
496,The New York Times,"RT @NickKristof: ""President Trump, Here‚Äôs a teenage hero who stood up to a gunman. Now it's your turn."" My column https://t.co/AMnkU6EijU h‚Ä¶",Thu Mar 08 04:17:05 +0000 2018,0.5574,0.159,0.841,0.0,97
497,The New York Times,"Jared Kushner met with Mexico‚Äôs president, underscoring a shift in U.S. diplomacy https://t.co/mU0Pzs1LTZ",Thu Mar 08 04:02:03 +0000 2018,0.0,0.0,1.0,0.0,98
498,The New York Times,"A ""modest experiment"" from Coca-Cola: a spiked, sparkly beverage for the Japanese market https://t.co/1MYCCJFdHs",Thu Mar 08 03:47:02 +0000 2018,0.0,0.0,1.0,0.0,99
499,The New York Times,The excavation of Rome‚Äôs newest subway line has been the gift that keeps on giving for archaeologists https://t.co/MnTxYvtozC,Thu Mar 08 03:32:03 +0000 2018,0.6486,0.249,0.751,0.0,100
